sentinel_id,thermal_sources,mgrs_tile,scene_date,cloud_cover
S2B_MSIL2A_20260708T045659_N0512_R119_T44PMQ_20260708T084403,234,T44PMQ,2026-07-08,14.0
S2B_MSIL2A_20260620T053639_N0512_R005_T43REQ_20260620T091923,194,T43REQ,2026-06-20,29.14
S2B_MSIL2A_20260623T054639_N0512_R048_T43RCP_20260623T075208,149,T43RCP,2026-06-23,0.02
S2C_MSIL2A_20260606T050651_N0512_R019_T44QLF_20260606T100020,146,T44QLF,2026-06-06,3.75
S2B_MSIL2A_20260601T050649_N0512_R019_T44QLF_20260601T085256,138,T44QLF,2026-06-01,27.78
S2C_MSIL2A_20260819T050601_N0512_R076_T44NNP_20260819T091316,121,T44NNP,2026-08-19,0.18
S2C_MSIL2A_20260603T045701_N0512_R119_T44QPJ_20260603T100112,120,T44QPJ,2026-06-03,0.01
S2A_MSIL2A_20260627T054251_N0512_R005_T43REQ_20260627T085509,111,T43REQ,2026-06-27,6.63
S2C_MSIL2A_20260606T050651_N0512_R019_T44QLE_20260606T100020,108,T44QLE,2026-06-06,5.23
S2C_MSIL2A_20260628T054641_N0512_R048_T43RBP_20260628T085710,107,T43RBP,2026-06-28,0.02
S2B_MSIL2A_20260610T053639_N0512_R005_T43SDS_20260610T091702,102,T43SDS,2026-06-10,0.02
S2C_MSIL2A_20260603T045701_N0512_R119_T44QND_20260603T100112,101,T44QND,2026-06-03,26.5
S2C_MSIL2A_20260819T050601_N0512_R076_T44NNN_20260819T091316,95,T44NNN,2026-08-19,1.62
S2B_MSIL2A_20260703T054639_N0512_R048_T43RBP_20260703T075529,89,T43RBP,2026-07-03,1.81
S2C_MSIL2A_20260628T054641_N0512_R048_T43RCP_20260628T085710,81,T43RCP,2026-06-28,0.02
S2C_MSIL2A_20260618T054641_N0512_R048_T43RCP_20260618T085419,79,T43RCP,2026-06-18,7.8
S2C_MSIL2A_20260708T054641_N0512_R048_T43RBP_20260708T085213,77,T43RBP,2026-07-08,10.52
S2B_MSIL2A_20260623T054639_N0512_R048_T43RBP_20260623T075208,77,T43RBP,2026-06-23,3.28
S2B_MSIL2A_20260610T053639_N0512_R005_T43RDQ_20260610T091702,76,T43RDQ,2026-06-10,0.0
S2A_MSIL2A_20260627T054251_N0512_R005_T43RDQ_20260627T103225,75,T43RDQ,2026-06-27,0.82
S2B_MSIL2A_20260703T054639_N0512_R048_T43RCP_20260703T075529,72,T43RCP,2026-07-03,11.86
S2C_MSIL2A_20260708T054641_N0512_R048_T43RCP_20260708T085213,70,T43RCP,2026-07-08,15.92
S2A_MSIL2A_20260605T050231_N0512_R119_T44QPK_20260605T100518,67,T44QPK,2026-06-05,6.39
S2C_MSIL2A_20260606T050651_N0512_R019_T44QLD_20260606T100020,66,T44QLD,2026-06-06,8.04
S2C_MSIL2A_20260611T055631_N0512_R091_T42RVS_20260611T090908,65,T42RVS,2026-06-11,0.92
S2C_MSIL2A_20260730T050601_N0512_R076_T44NNP_20260730T090842,64,T44NNP,2026-07-30,11.61
S2B_MSIL2A_20260606T055629_N0512_R091_T42RVS_20260606T080123,64,T42RVS,2026-06-06,0.02
S2C_MSIL2A_20260603T045701_N0512_R119_T44QPK_20260603T100112,63,T44QPK,2026-06-03,0.03
S2B_MSIL2A_20260611T050649_N0512_R019_T44QLF_20260611T085745,62,T44QLF,2026-06-11,12.96
S2C_MSIL2A_20260608T054641_N0512_R048_T43SCT_20260608T085208,61,T43SCT,2026-06-08,0.27
S2C_MSIL2A_20260616T050651_N0512_R019_T44QLF_20260616T100816,61,T44QLF,2026-06-16,9.21
S2B_MSIL2A_20260616T055629_N0512_R091_T42RVS_20260616T080231,60,T42RVS,2026-06-16,12.07
S2C_MSIL2A_20260628T054641_N0512_R048_T42RYT_20260628T085710,60,T42RYT,2026-06-28,0.03
S2C_MSIL2A_20260628T054641_N0512_R048_T43RBN_20260628T085710,59,T43RBN,2026-06-28,0.0
S2C_MSIL2A_20260613T045701_N0512_R119_T44QPK_20260613T095409,59,T44QPK,2026-06-13,1.21
S2C_MSIL2A_20260618T054641_N0512_R048_T43RCQ_20260618T085419,58,T43RCQ,2026-06-18,1.43
S2B_MSIL2A_20260601T050649_N0512_R019_T44QKF_20260601T085256,56,T44QKF,2026-06-01,1.52
S2C_MSIL2A_20260708T054641_N0512_R048_T43RBN_20260708T085213,56,T43RBN,2026-07-08,8.12
S2C_MSIL2A_20260608T054641_N0512_R048_T43RCP_20260608T085208,55,T43RCP,2026-06-08,0.01
S2B_MSIL2A_20260601T050649_N0512_R019_T44QLE_20260601T085256,54,T44QLE,2026-06-01,23.75
S2B_MSIL2A_20260714T051649_N0512_R062_T43PFS_20260714T090403,53,T43PFS,2026-07-14,18.57
S2B_MSIL2A_20260725T050559_N0512_R076_T44NNN_20260725T082640,52,T44NNN,2026-07-25,4.38
S2C_MSIL2A_20260616T050651_N0512_R019_T44QLE_20260616T100816,52,T44QLE,2026-06-16,9.03
S2C_MSIL2A_20260606T050651_N0512_R019_T44QLG_20260606T100718,51,T44QLG,2026-06-06,11.91
S2B_MSIL2A_20260613T054639_N0512_R048_T43RBP_20260613T075254,50,T43RBP,2026-06-13,0.01
S2C_MSIL2A_20260613T045701_N0512_R119_T44QQJ_20260613T095409,49,T44QQJ,2026-06-13,1.91
S2B_MSIL2A_20260620T053639_N0512_R005_T43QBE_20260620T091923,48,T43QBE,2026-06-20,26.69
S2A_MSIL2A_20260628T051241_N0512_R019_T44PLU_20260628T101512,46,T44PLU,2026-06-28,4.65
S2C_MSIL2A_20260628T054641_N0512_R048_T42RYU_20260628T085710,44,T42RYU,2026-06-28,0.02
S2B_MSIL2A_20260725T050559_N0512_R076_T44NNP_20260725T082640,44,T44NNP,2026-07-25,0.04
S2B_MSIL2A_20260601T050649_N0512_R019_T44QLJ_20260601T085256,44,T44QLJ,2026-06-01,1.12
S2B_MSIL2A_20260610T053639_N0512_R005_T43REQ_20260610T091702,44,T43REQ,2026-06-10,0.0
S2B_MSIL2A_20260601T050649_N0512_R019_T44QMJ_20260601T085256,44,T44QMJ,2026-06-01,2.73
S2A_MSIL2A_20260627T054251_N0512_R005_T43QBD_20260627T103225,43,T43QBD,2026-06-27,26.09
S2C_MSIL2A_20260606T050651_N0512_R019_T44QKF_20260606T100718,42,T44QKF,2026-06-06,8.39
S2A_MSIL2A_20260628T051241_N0512_R019_T43PGN_20260628T101512,42,T43PGN,2026-06-28,23.94
S2B_MSIL2A_20260607T052639_N0512_R105_T43RGQ_20260607T091704,40,T43RGQ,2026-06-07,14.71
S2B_MSIL2A_20260610T053639_N0512_R005_T43RFQ_20260610T091702,39,T43RFQ,2026-06-10,0.16
S2C_MSIL2A_20260606T050651_N0512_R019_T44PLC_20260606T100020,38,T44PLC,2026-06-06,3.55
S2B_MSIL2A_20260601T050649_N0512_R019_T43PGM_20260601T085146,38,T43PGM,2026-06-01,12.15
S2B_MSIL2A_20260827T045659_N0512_R119_T44PKT_20260827T084453,38,T44PKT,2026-08-27,13.95
S2B_MSIL2A_20260613T054639_N0512_R048_T43RCP_20260613T075254,38,T43RCP,2026-06-13,0.75
S2B_MSIL2A_20260703T054639_N0512_R048_T43RCQ_20260703T075529,38,T43RCQ,2026-07-03,29.09
S2C_MSIL2A_20260603T045701_N0512_R119_T44QMD_20260603T100112,37,T44QMD,2026-06-03,2.76
S2C_MSIL2A_20260605T053641_N0512_R005_T43SDR_20260605T101858,37,T43SDR,2026-06-05,0.0
S2A_MSIL2A_20260607T054251_N0512_R005_T43SES_20260607T085916,37,T43SES,2026-06-07,13.61
S2C_MSIL2A_20260606T050651_N0512_R019_T44PLU_20260606T100020,37,T44PLU,2026-06-06,3.23
S2C_MSIL2A_20260618T054641_N0512_R048_T43RBP_20260618T085419,37,T43RBP,2026-06-18,3.57
S2A_MSIL2A_20260605T050231_N0512_R119_T44QQK_20260605T100518,36,T44QQK,2026-06-05,20.33
S2C_MSIL2A_20260606T050651_N0512_R019_T44PLV_20260606T100020,35,T44PLV,2026-06-06,19.97
S2C_MSIL2A_20260612T052641_N0512_R105_T43QDA_20260612T102118,35,T43QDA,2026-06-12,21.67
S2B_MSIL2A_20260630T053639_N0512_R005_T43RCP_20260630T091701,34,T43RCP,2026-06-30,8.56
S2B_MSIL2A_20260611T050649_N0512_R019_T44QLE_20260611T085745,34,T44QLE,2026-06-11,6.18
S2A_MSIL2A_20260628T051241_N0512_R019_T43PGR_20260628T101512,33,T43PGR,2026-06-28,23.92
S2B_MSIL2A_20260814T050559_N0512_R076_T44NNN_20260814T082724,33,T44NNN,2026-08-14,19.71
S2C_MSIL2A_20260616T050651_N0512_R019_T44QKF_20260616T100816,33,T44QKF,2026-06-16,0.34
S2A_MSIL2A_20260715T050241_N0512_R119_T44PLV_20260715T100502,33,T44PLV,2026-07-15,0.15
S2A_MSIL2A_20260605T050231_N0512_R119_T44QNJ_20260605T100518,33,T44QNJ,2026-06-05,8.2
S2C_MSIL2A_20260726T050651_N0512_R019_T44PLC_20260726T100115,33,T44PLC,2026-07-26,20.3
S2C_MSIL2A_20260605T053641_N0512_R005_T43QCE_20260605T101858,32,T43QCE,2026-06-05,20.44
S2A_MSIL2A_20260628T051241_N0512_R019_T43PGS_20260628T101512,32,T43PGS,2026-06-28,10.26
S2B_MSIL2A_20260623T054639_N0512_R048_T43RCQ_20260623T075208,32,T43RCQ,2026-06-23,2.2
S2B_MSIL2A_20260710T053639_N0512_R005_T43REQ_20260710T091511,32,T43REQ,2026-07-10,7.33
S2B_MSIL2A_20260706T055629_N0512_R091_T42RYU_20260706T075948,32,T42RYU,2026-07-06,1.27
S2C_MSIL2A_20260602T052641_N0512_R105_T43QCV_20260602T102053,31,T43QCV,2026-06-02,16.61
S2A_MSIL2A_20260628T051241_N0512_R019_T44PKB_20260628T101512,31,T44PKB,2026-06-28,10.93
S2C_MSIL2A_20260621T055631_N0512_R091_T42RVS_20260621T085315,31,T42RVS,2026-06-21,0.06
S2A_MSIL2A_20260623T060301_N0512_R091_T42RVR_20260623T092418,31,T42RVR,2026-06-23,0.5
S2B_MSIL2A_20260703T054639_N0512_R048_T42RYU_20260703T075529,30,T42RYU,2026-07-03,19.15
S2C_MSIL2A_20260606T050651_N0512_R019_T44QMJ_20260606T100718,30,T44QMJ,2026-06-06,18.75
S2C_MSIL2A_20260819T050601_N0512_R076_T44NMP_20260819T091316,30,T44NMP,2026-08-19,10.34
S2C_MSIL2A_20260603T045701_N0512_R119_T44QQK_20260603T100112,30,T44QQK,2026-06-03,0.4
S2C_MSIL2A_20260603T045701_N0512_R119_T44QNH_20260603T100112,30,T44QNH,2026-06-03,23.27
S2A_MSIL2A_20260607T054251_N0512_R005_T43SDS_20260607T085916,30,T43SDS,2026-06-07,2.2
S2C_MSIL2A_20260605T053641_N0512_R005_T43QBB_20260605T101858,30,T43QBB,2026-06-05,27.94
S2B_MSIL2A_20260810T050649_N0512_R019_T44PLB_20260810T085431,29,T44PLB,2026-08-10,25.55
S2B_MSIL2A_20260617T052649_N0512_R105_T43RGQ_20260617T104156,29,T43RGQ,2026-06-17,29.77
S2C_MSIL2A_20260613T045701_N0512_R119_T44QPJ_20260613T095409,29,T44QPJ,2026-06-13,5.48
S2C_MSIL2A_20260606T050651_N0512_R019_T44QMH_20260606T100718,29,T44QMH,2026-06-06,6.17
S2C_MSIL2A_20260606T050651_N0512_R019_T44QME_20260606T100020,29,T44QME,2026-06-06,17.25
S2C_MSIL2A_20260603T045701_N0512_R119_T44QME_20260603T100112,28,T44QME,2026-06-03,2.5
S2B_MSIL2A_20260601T050649_N0512_R019_T44QKG_20260601T085256,28,T44QKG,2026-06-01,2.19
S2B_MSIL2A_20260605T044659_N0512_R076_T44QQJ_20260605T082808,28,T44QQJ,2026-06-05,7.23
S2B_MSIL2A_20260705T050559_N0512_R076_T44NNN_20260705T082823,28,T44NNN,2026-07-05,15.29
S2C_MSIL2A_20260606T050651_N0512_R019_T44QLH_20260606T100718,28,T44QLH,2026-06-06,11.08
S2B_MSIL2A_20260620T053639_N0512_R005_T43REP_20260620T091923,28,T43REP,2026-06-20,9.58
S2C_MSIL2A_20260708T054641_N0512_R048_T42RYT_20260708T085213,28,T42RYT,2026-07-08,21.86
S2B_MSIL2A_20260623T054639_N0512_R048_T42QWL_20260623T092043,28,T42QWL,2026-06-23,19.89
S2C_MSIL2A_20260718T054641_N0512_R048_T43RBP_20260718T085552,28,T43RBP,2026-07-18,3.18
S2C_MSIL2A_20260606T050651_N0512_R019_T44QKD_20260606T100020,27,T44QKD,2026-06-06,4.44
S2B_MSIL2A_20260620T053639_N0512_R005_T43RFP_20260620T091923,27,T43RFP,2026-06-20,11.54
S2B_MSIL2A_20260604T051649_N0512_R062_T44QLL_20260604T090048,27,T44QLL,2026-06-04,9.48
S2A_MSIL2A_20260604T053241_N0512_R105_T43QCA_20260604T090112,26,T43QCA,2026-06-04,18.15
S2C_MSIL2A_20260620T044701_N0512_R076_T44QQJ_20260620T091811,26,T44QQJ,2026-06-20,28.43
S2C_MSIL2A_20260612T052641_N0512_R105_T43QED_20260612T102118,26,T43QED,2026-06-12,7.13
S2B_MSIL2A_20260603T054629_N0512_R048_T43RCP_20260603T080213,26,T43RCP,2026-06-03,0.0
S2C_MSIL2A_20260706T050651_N0512_R019_T43PGK_20260706T100613,26,T43PGK,2026-07-06,20.84
S2B_MSIL2A_20260710T053639_N0512_R005_T43RDQ_20260710T091511,26,T43RDQ,2026-07-10,1.34
S2B_MSIL2A_20260611T050649_N0512_R019_T44QNJ_20260611T085745,26,T44QNJ,2026-06-11,7.21
S2B_MSIL2A_20260714T051649_N0512_R062_T43PGS_20260714T090403,26,T43PGS,2026-07-14,27.43
S2B_MSIL2A_20260827T045659_N0512_R119_T44PMR_20260827T084453,25,T44PMR,2026-08-27,25.28
S2B_MSIL2A_20260603T054629_N0512_R048_T42QXK_20260603T080213,25,T42QXK,2026-06-03,2.27
S2B_MSIL2A_20260604T051649_N0512_R062_T44RLN_20260604T090048,25,T44RLN,2026-06-04,6.6
S2A_MSIL2A_20260722T050621_N0512_R076_T44NNN_20260722T091209,24,T44NNN,2026-07-22,24.46
S2B_MSIL2A_20260616T055629_N0512_R091_T42RVR_20260616T080231,24,T42RVR,2026-06-16,3.13
S2B_MSIL2A_20260601T050649_N0512_R019_T44QKE_20260601T085256,24,T44QKE,2026-06-01,11.84
S2B_MSIL2A_20260827T045659_N0512_R119_T44PLU_20260827T084453,24,T44PLU,2026-08-27,22.4
S2B_MSIL2A_20260606T041549_N0512_R090_T46REP_20260606T063004,24,T46REP,2026-06-06,23.42
S2A_MSIL2A_20260811T050621_N0512_R076_T44NNP_20260811T105508,24,T44NNP,2026-08-11,26.27
S2C_MSIL2A_20260807T054641_N0512_R048_T43RBP_20260807T085410,24,T43RBP,2026-08-07,0.96
S2C_MSIL2A_20260701T055631_N0512_R091_T42RVR_20260701T090214,24,T42RVR,2026-07-01,0.27
S2C_MSIL2A_20260628T054641_N0512_R048_T43SCT_20260628T085710,24,T43SCT,2026-06-28,18.02
S2B_MSIL2A_20260611T050649_N0512_R019_T44QMJ_20260611T085745,23,T44QMJ,2026-06-11,1.7
S2C_MSIL2A_20260718T054641_N0512_R048_T43RBN_20260718T085552,23,T43RBN,2026-07-18,3.03
S2A_MSIL2A_20260811T050621_N0512_R076_T44NNN_20260811T105508,23,T44NNN,2026-08-11,21.69
S2C_MSIL2A_20260710T050601_N0512_R076_T44NNN_20260710T091011,23,T44NNN,2026-07-10,3.38
S2B_MSIL2A_20260610T053639_N0512_R005_T43SES_20260610T091702,23,T43SES,2026-06-10,0.66
S2A_MSIL2A_20260722T050621_N0512_R076_T44NMN_20260722T091209,23,T44NMN,2026-07-22,26.06
S2C_MSIL2A_20260606T050651_N0512_R019_T44QNH_20260606T100718,23,T44QNH,2026-06-06,11.37
S2A_MSIL2A_20260603T060301_N0512_R091_T42RVS_20260603T092618,23,T42RVS,2026-06-03,0.05
S2A_MSIL2A_20260710T055251_N0512_R048_T43RBP_20260710T104116,23,T43RBP,2026-07-10,11.31
S2B_MSIL2A_20260618T045659_N0512_R119_T44RPS_20260618T084549,22,T44RPS,2026-06-18,19.77
S2B_MSIL2A_20260615T044659_N0512_R076_T44QQJ_20260615T083228,22,T44QQJ,2026-06-15,11.09
S2A_MSIL2A_20260605T050231_N0512_R119_T44PMV_20260605T100518,22,T44PMV,2026-06-05,5.59
S2C_MSIL2A_20260710T050601_N0512_R076_T44NNP_20260710T091011,22,T44NNP,2026-07-10,0.33
S2C_MSIL2A_20260612T052641_N0512_R105_T43QDD_20260612T102118,22,T43QDD,2026-06-12,15.68
S2C_MSIL2A_20260609T051651_N0512_R062_T44QKM_20260609T101613,22,T44QKM,2026-06-09,6.57
S2C_MSIL2A_20260606T050651_N0512_R019_T44QKG_20260606T100718,22,T44QKG,2026-06-06,8.33
S2B_MSIL2A_20260604T051649_N0512_R062_T43PFR_20260604T090429,22,T43PFR,2026-06-04,16.65
S2A_MSIL2A_20260601T052241_N0512_R062_T44QKK_20260601T102012,22,T44QKK,2026-06-01,25.7
S2C_MSIL2A_20260621T055631_N0512_R091_T42RVR_20260621T085315,21,T42RVR,2026-06-21,0.73
S2A_MSIL2A_20260607T054251_N0512_R005_T43RFQ_20260607T102857,21,T43RFQ,2026-06-07,0.01
S2B_MSIL2A_20260731T050649_N0512_R019_T44PLT_20260731T085614,21,T44PLT,2026-07-31,10.13
S2B_MSIL2A_20260625T044659_N0512_R076_T45QVG_20260625T083525,21,T45QVG,2026-06-25,14.17
S2B_MSIL2A_20260711T050649_N0512_R019_T44PKU_20260711T085428,21,T44PKU,2026-07-11,26.51
S2C_MSIL2A_20260608T054641_N0512_R048_T43RCQ_20260608T085208,21,T43RCQ,2026-06-08,0.0
S2C_MSIL2A_20260606T050651_N0512_R019_T44RLN_20260606T100718,21,T44RLN,2026-06-06,2.09
S2C_MSIL2A_20260609T051651_N0512_R062_T43QGE_20260609T101613,21,T43QGE,2026-06-09,0.35
S2C_MSIL2A_20260616T050651_N0512_R019_T44QKE_20260616T100816,21,T44QKE,2026-06-16,1.19
S2B_MSIL2A_20260601T050649_N0512_R019_T44QLH_20260601T085256,21,T44QLH,2026-06-01,0.59
S2A_MSIL2A_20260621T052241_N0512_R062_T44RLR_20260621T101812,21,T44RLR,2026-06-21,19.2
S2C_MSIL2A_20260603T045701_N0512_R119_T44QQJ_20260603T100112,21,T44QQJ,2026-06-03,0.45
S2A_MSIL2A_20260620T055251_N0512_R048_T42QXL_20260620T105812,21,T42QXL,2026-06-20,27.86
S2B_MSIL2A_20260601T050649_N0512_R019_T44QNJ_20260601T085256,21,T44QNJ,2026-06-01,15.41
S2B_MSIL2A_20260601T050649_N0512_R019_T44QMH_20260601T085256,21,T44QMH,2026-06-01,0.1
S2B_MSIL2A_20260626T055629_N0512_R091_T42RVR_20260626T080048,20,T42RVR,2026-06-26,5.35
S2B_MSIL2A_20260611T050649_N0512_R019_T44QLJ_20260611T085745,20,T44QLJ,2026-06-11,14.71
S2B_MSIL2A_20260628T045659_N0512_R119_T44QQK_20260628T084920,20,T44QQK,2026-06-28,24.23
S2A_MSIL2A_20260604T053241_N0512_R105_T43QCB_20260604T090112,20,T43QCB,2026-06-04,4.45
S2B_MSIL2A_20260810T050649_N0512_R019_T43PHL_20260810T085431,20,T43PHL,2026-08-10,2.04
S2C_MSIL2A_20260603T045701_N0512_R119_T44QPG_20260603T100112,20,T44QPG,2026-06-03,1.61
S2B_MSIL2A_20260623T054639_N0512_R048_T42RYU_20260623T075208,20,T42RYU,2026-06-23,3.33
S2B_MSIL2A_20260623T054639_N0512_R048_T43SCT_20260623T075208,20,T43SCT,2026-06-23,4.59
S2C_MSIL2A_20260812T045701_N0512_R119_T44PMR_20260812T093911,20,T44PMR,2026-08-12,14.76
S2A_MSIL2A_20260628T051241_N0512_R019_T44QNJ_20260628T101512,20,T44QNJ,2026-06-28,8.95
S2C_MSIL2A_20260613T045701_N0512_R119_T44QQK_20260613T095409,19,T44QQK,2026-06-13,1.09
S2A_MSIL2A_20260628T051241_N0512_R019_T44PKC_20260628T101512,19,T44PKC,2026-06-28,19.11
S2B_MSIL2A_20260611T050649_N0512_R019_T44QKF_20260611T085745,19,T44QKF,2026-06-11,11.61
S2C_MSIL2A_20260728T054641_N0512_R048_T43RBP_20260728T085814,19,T43RBP,2026-07-28,0.67
S2A_MSIL2A_20260628T051241_N0512_R019_T44PKA_20260628T101512,19,T44PKA,2026-06-28,15.19
S2B_MSIL2A_20260617T052649_N0512_R105_T43QCB_20260617T104156,19,T43QCB,2026-06-17,25.43
S2C_MSIL2A_20260817T054631_N0512_R048_T43RBP_20260817T085418,19,T43RBP,2026-08-17,14.52
S2B_MSIL2A_20260711T050649_N0512_R019_T43PHN_20260711T085428,19,T43PHN,2026-07-11,19.73
S2A_MSIL2A_20260605T050231_N0512_R119_T44QNE_20260605T100518,19,T44QNE,2026-06-05,14.43
S2B_MSIL2A_20260714T051649_N0512_R062_T43PFT_20260714T090403,19,T43PFT,2026-07-14,13.63
S2C_MSIL2A_20260602T052641_N0512_R105_T43QEE_20260602T102053,19,T43QEE,2026-06-02,3.0
S2B_MSIL2A_20260601T050649_N0512_R019_T44QLG_20260601T085256,19,T44QLG,2026-06-01,0.35
S2A_MSIL2A_20260607T054251_N0512_R005_T43QBF_20260607T102857,19,T43QBF,2026-06-07,3.54
S2C_MSIL2A_20260628T054641_N0512_R048_T43RCQ_20260628T085710,18,T43RCQ,2026-06-28,0.0
S2C_MSIL2A_20260713T045701_N0512_R119_T44PMR_20260713T095014,18,T44PMR,2026-07-13,16.01
S2C_MSIL2A_20260628T054641_N0512_R048_T43SBU_20260628T085710,18,T43SBU,2026-06-28,16.4
S2B_MSIL2A_20260606T055629_N0512_R091_T42RWS_20260606T080123,18,T42RWS,2026-06-06,0.19
S2B_MSIL2A_20260703T054639_N0512_R048_T43RBQ_20260703T075529,18,T43RBQ,2026-07-03,3.11
S2C_MSIL2A_20260618T054641_N0512_R048_T43SDS_20260618T085419,18,T43SDS,2026-06-18,20.82
S2B_MSIL2A_20260601T050649_N0512_R019_T43PGP_20260601T085146,18,T43PGP,2026-06-01,23.69
S2C_MSIL2A_20260603T045701_N0512_R119_T44QMF_20260603T100112,18,T44QMF,2026-06-03,0.51
S2C_MSIL2A_20260603T045701_N0512_R119_T44QNK_20260603T100112,18,T44QNK,2026-06-03,5.03
S2B_MSIL2A_20260604T051649_N0512_R062_T44QKJ_20260604T090048,18,T44QKJ,2026-06-04,4.95
S2B_MSIL2A_20260615T044659_N0512_R076_T44QRJ_20260615T083228,18,T44QRJ,2026-06-15,5.19
S2B_MSIL2A_20260616T055629_N0512_R091_T42RWS_20260616T080231,18,T42RWS,2026-06-16,8.67
S2C_MSIL2A_20260819T050601_N0512_R076_T44NMN_20260819T091316,18,T44NMN,2026-08-19,21.82
S2B_MSIL2A_20260617T052649_N0512_R105_T43RFP_20260617T104156,17,T43RFP,2026-06-17,0.78
S2A_MSIL2A_20260627T054251_N0512_R005_T43RFQ_20260627T103225,17,T43RFQ,2026-06-27,2.04
S2C_MSIL2A_20260611T055631_N0512_R091_T42QWM_20260611T090908,17,T42QWM,2026-06-11,13.3
S2B_MSIL2A_20260625T050559_N0512_R076_T44NMN_20260625T082928,17,T44NMN,2026-06-25,21.3
S2A_MSIL2A_20260627T054251_N0512_R005_T43QBF_20260627T103225,17,T43QBF,2026-06-27,15.95
S2B_MSIL2A_20260603T054629_N0512_R048_T42QXJ_20260603T080213,17,T42QXJ,2026-06-03,4.87
S2B_MSIL2A_20260603T054629_N0512_R048_T43RCQ_20260603T080213,17,T43RCQ,2026-06-03,0.0
S2C_MSIL2A_20260619T051651_N0512_R062_T44RLS_20260619T101809,17,T44RLS,2026-06-19,1.22
S2C_MSIL2A_20260608T054641_N0512_R048_T43SDS_20260608T085208,17,T43SDS,2026-06-08,0.06
S2A_MSIL2A_20260722T050621_N0512_R076_T44NNP_20260722T091209,17,T44NNP,2026-07-22,22.12
S2A_MSIL2A_20260621T052241_N0512_R062_T44RKR_20260621T101812,17,T44RKR,2026-06-21,27.58
S2A_MSIL2A_20260601T052241_N0512_R062_T43QGE_20260601T102012,17,T43QGE,2026-06-01,20.19
S2B_MSIL2A_20260605T044659_N0512_R076_T45QTD_20260605T083347,16,T45QTD,2026-06-05,11.49
S2A_MSIL2A_20260605T050231_N0512_R119_T44QQG_20260605T100518,16,T44QQG,2026-06-05,2.68
S2B_MSIL2A_20260808T042659_N0512_R133_T46RCT_20260808T063748,16,T46RCT,2026-08-08,29.59
S2B_MSIL2A_20260624T051649_N0512_R062_T44RLQ_20260624T090105,16,T44RLQ,2026-06-24,9.53
S2C_MSIL2A_20260611T055631_N0512_R091_T42RVR_20260611T090908,16,T42RVR,2026-06-11,0.28
S2A_MSIL2A_20260621T052241_N0512_R062_T44RKQ_20260621T101812,16,T44RKQ,2026-06-21,0.63
S2C_MSIL2A_20260606T050651_N0512_R019_T44QMM_20260606T100718,16,T44QMM,2026-06-06,20.5
S2A_MSIL2A_20260817T051241_N0512_R019_T44PKR_20260817T101210,16,T44PKR,2026-08-17,13.66
S2C_MSIL2A_20260602T052641_N0512_R105_T43QCD_20260602T102053,16,T43QCD,2026-06-02,14.71
S2C_MSIL2A_20260613T045701_N0512_R119_T44QPG_20260613T095409,16,T44QPG,2026-06-13,14.21
S2C_MSIL2A_20260810T041551_N0512_R090_T46RGS_20260810T071116,16,T46RGS,2026-08-10,27.19
S2C_MSIL2A_20260812T045701_N0512_R119_T44PKS_20260812T093911,16,T44PKS,2026-08-12,12.86
S2B_MSIL2A_20260615T044659_N0512_R076_T45QUG_20260615T083228,16,T45QUG,2026-06-15,0.23
S2C_MSIL2A_20260713T045701_N0512_R119_T44PKT_20260713T095014,16,T44PKT,2026-07-13,16.3
S2C_MSIL2A_20260602T052641_N0512_R105_T43QED_20260602T102053,15,T43QED,2026-06-02,0.03
S2B_MSIL2A_20260706T055629_N0512_R091_T42RVR_20260706T075948,15,T42RVR,2026-07-06,17.67
S2B_MSIL2A_20260608T045659_N0512_R119_T44PKR_20260608T084805,15,T44PKR,2026-06-08,9.55
S2B_MSIL2A_20260623T054639_N0512_R048_T43RBQ_20260623T075208,15,T43RBQ,2026-06-23,3.7
S2B_MSIL2A_20260601T050649_N0512_R019_T44QNH_20260601T085256,15,T44QNH,2026-06-01,1.94
S2C_MSIL2A_20260715T053641_N0512_R005_T43REQ_20260715T101509,15,T43REQ,2026-07-15,1.81
S2B_MSIL2A_20260611T050649_N0512_R019_T44QLD_20260611T085745,15,T44QLD,2026-06-11,14.07
S2C_MSIL2A_20260606T050651_N0512_R019_T44QNJ_20260606T100718,15,T44QNJ,2026-06-06,10.4
S2C_MSIL2A_20260616T050651_N0512_R019_T44RNT_20260616T100816,15,T44RNT,2026-06-16,11.26
S2A_MSIL2A_20260710T055251_N0512_R048_T43RCQ_20260710T104116,15,T43RCQ,2026-07-10,7.94
S2A_MSIL2A_20260625T050241_N0512_R119_T44PLU_20260625T100609,15,T44PLU,2026-06-25,12.12
S2C_MSIL2A_20260606T050651_N0512_R019_T44PLB_20260606T100020,15,T44PLB,2026-06-06,1.19
S2C_MSIL2A_20260605T053641_N0512_R005_T43SER_20260605T101858,15,T43SER,2026-06-05,0.83
S2C_MSIL2A_20260609T051651_N0512_R062_T44QKK_20260609T101613,15,T44QKK,2026-06-09,25.86
S2A_MSIL2A_20260628T051241_N0512_R019_T44QKD_20260628T101512,15,T44QKD,2026-06-28,24.42
S2B_MSIL2A_20260620T053639_N0512_R005_T43RFQ_20260620T091923,15,T43RFQ,2026-06-20,28.34
S2C_MSIL2A_20260628T054641_N0512_R048_T42QXJ_20260628T085710,15,T42QXJ,2026-06-28,26.91
S2C_MSIL2A_20260605T053641_N0512_R005_T43REQ_20260605T101858,15,T43REQ,2026-06-05,0.0
S2B_MSIL2A_20260623T054639_N0512_R048_T42RYT_20260623T075208,14,T42RYT,2026-06-23,1.98
S2B_MSIL2A_20260711T050649_N0512_R019_T44PKV_20260711T085428,14,T44PKV,2026-07-11,21.14
S2C_MSIL2A_20260612T052641_N0512_R105_T43QDE_20260612T102118,14,T43QDE,2026-06-12,26.84
S2C_MSIL2A_20260718T054641_N0512_R048_T43RCP_20260718T085552,14,T43RCP,2026-07-18,0.06
S2B_MSIL2A_20260711T050649_N0512_R019_T44PLV_20260711T085428,14,T44PLV,2026-07-11,9.54
S2C_MSIL2A_20260602T052641_N0512_R105_T43QEC_20260602T102053,14,T43QEC,2026-06-02,1.77
S2C_MSIL2A_20260602T052641_N0512_R105_T43QDD_20260602T102053,14,T43QDD,2026-06-02,6.23
S2A_MSIL2A_20260625T050241_N0512_R119_T45RTJ_20260625T100609,14,T45RTJ,2026-06-25,0.04
S2B_MSIL2A_20260606T055629_N0512_R091_T42RVR_20260606T080123,14,T42RVR,2026-06-06,0.22
S2B_MSIL2A_20260601T050649_N0512_R019_T44QMK_20260601T085256,14,T44QMK,2026-06-01,4.2
S2C_MSIL2A_20260606T050651_N0512_R019_T44PKB_20260606T100020,14,T44PKB,2026-06-06,1.82
S2C_MSIL2A_20260606T050651_N0512_R019_T44PKC_20260606T100020,14,T44PKC,2026-06-06,13.73
S2C_MSIL2A_20260605T053641_N0512_R005_T43RDQ_20260605T101858,14,T43RDQ,2026-06-05,0.0
S2A_MSIL2A_20260624T053241_N0512_R105_T43RFQ_20260624T102111,14,T43RFQ,2026-06-24,20.09
S2C_MSIL2A_20260606T050651_N0512_R019_T44QMD_20260606T100020,14,T44QMD,2026-06-06,8.03
S2A_MSIL2A_20260625T050241_N0512_R119_T44PLA_20260625T100609,14,T44PLA,2026-06-25,6.82
S2C_MSIL2A_20260606T050651_N0512_R019_T44RNN_20260606T100718,14,T44RNN,2026-06-06,15.95
S2A_MSIL2A_20260715T050241_N0512_R119_T44PMV_20260715T100502,14,T44PMV,2026-07-15,0.84
S2C_MSIL2A_20260616T050651_N0512_R019_T44QLD_20260616T100816,14,T44QLD,2026-06-16,22.07
S2C_MSIL2A_20260807T054641_N0512_R048_T42RYV_20260807T085410,14,T42RYV,2026-08-07,24.25
S2A_MSIL2A_20260601T052241_N0512_R062_T43QEU_20260601T102012,14,T43QEU,2026-06-01,9.29
S2A_MSIL2A_20260627T054251_N0512_R005_T43SES_20260627T085509,13,T43SES,2026-06-27,20.87
S2C_MSIL2A_20260606T050651_N0512_R019_T44QMF_20260606T100020,13,T44QMF,2026-06-06,3.64
S2C_MSIL2A_20260619T051651_N0512_R062_T44RLT_20260619T101809,13,T44RLT,2026-06-19,11.2
S2C_MSIL2A_20260609T051651_N0512_R062_T43QGF_20260609T101613,13,T43QGF,2026-06-09,0.59
S2C_MSIL2A_20260613T045701_N0512_R119_T44QNJ_20260613T095409,13,T44QNJ,2026-06-13,12.13
S2C_MSIL2A_20260609T051651_N0512_R062_T44RLT_20260609T101613,13,T44RLT,2026-06-09,0.79
S2A_MSIL2A_20260605T050231_N0512_R119_T44QPE_20260605T100518,13,T44QPE,2026-06-05,17.38
S2B_MSIL2A_20260613T054639_N0512_R048_T43RCQ_20260613T075254,13,T43RCQ,2026-06-13,0.25
S2B_MSIL2A_20260613T054639_N0512_R048_T43RBQ_20260613T075254,13,T43RBQ,2026-06-13,0.0
S2B_MSIL2A_20260603T054629_N0512_R048_T43SDS_20260603T080213,13,T43SDS,2026-06-03,0.6
S2C_MSIL2A_20260625T053641_N0512_R005_T43RDP_20260625T101830,13,T43RDP,2026-06-25,1.0
S2C_MSIL2A_20260625T053641_N0512_R005_T43REP_20260625T101830,13,T43REP,2026-06-25,13.49
S2C_MSIL2A_20260602T052641_N0512_R105_T43QCA_20260602T102053,13,T43QCA,2026-06-02,12.78
S2C_MSIL2A_20260602T052641_N0512_R105_T43QCB_20260602T102053,13,T43QCB,2026-06-02,12.92
S2A_MSIL2A_20260604T053241_N0512_R105_T43QDA_20260604T090112,13,T43QDA,2026-06-04,3.7
S2C_MSIL2A_20260603T045701_N0512_R119_T44PMV_20260603T100112,13,T44PMV,2026-06-03,19.13
S2B_MSIL2A_20260718T045659_N0512_R119_T44PKR_20260718T085636,13,T44PKR,2026-07-18,6.29
S2C_MSIL2A_20260625T053641_N0512_R005_T43RCQ_20260625T101830,13,T43RCQ,2026-06-25,23.87
S2B_MSIL2A_20260607T052639_N0512_R105_T43RGP_20260607T091704,13,T43RGP,2026-06-07,6.96
S2C_MSIL2A_20260613T045701_N0512_R119_T44QNH_20260613T095409,13,T44QNH,2026-06-13,21.01
S2B_MSIL2A_20260623T054639_N0512_R048_T43SDS_20260623T075208,13,T43SDS,2026-06-23,1.86
S2C_MSIL2A_20260616T050651_N0512_R019_T44QLJ_20260616T100816,13,T44QLJ,2026-06-16,19.99
S2C_MSIL2A_20260618T054641_N0512_R048_T42RYT_20260618T085419,13,T42RYT,2026-06-18,1.04
S2C_MSIL2A_20260611T055631_N0512_R091_T42QVM_20260611T090908,13,T42QVM,2026-06-11,16.75
S2B_MSIL2A_20260601T050649_N0512_R019_T44PLU_20260601T085146,13,T44PLU,2026-06-01,14.27
S2C_MSIL2A_20260603T045701_N0512_R119_T44QPH_20260603T100112,13,T44QPH,2026-06-03,0.2
S2A_MSIL2A_20260627T054251_N0512_R005_T43RCQ_20260627T103225,12,T43RCQ,2026-06-27,0.24
S2C_MSIL2A_20260812T045701_N0512_R119_T44PLS_20260812T093911,12,T44PLS,2026-08-12,8.7
S2C_MSIL2A_20260608T054641_N0512_R048_T43RBP_20260608T085208,12,T43RBP,2026-06-08,0.0
S2C_MSIL2A_20260728T054641_N0512_R048_T43RBN_20260728T085814,12,T43RBN,2026-07-28,1.31
S2B_MSIL2A_20260620T053639_N0512_R005_T43QBF_20260620T091923,12,T43QBF,2026-06-20,25.69
S2B_MSIL2A_20260810T050649_N0512_R019_T44PLA_20260810T085431,12,T44PLA,2026-08-10,29.89
S2B_MSIL2A_20260731T050649_N0512_R019_T43PHK_20260731T085614,12,T43PHK,2026-07-31,2.18
S2B_MSIL2A_20260601T050649_N0512_R019_T44QML_20260601T085256,12,T44QML,2026-06-01,17.18
S2C_MSIL2A_20260619T051651_N0512_R062_T44QKH_20260619T101809,12,T44QKH,2026-06-19,14.15
S2B_MSIL2A_20260607T052639_N0512_R105_T43QCC_20260607T091704,12,T43QCC,2026-06-07,18.38
S2A_MSIL2A_20260628T051241_N0512_R019_T44PLV_20260628T101512,12,T44PLV,2026-06-28,1.77
S2A_MSIL2A_20260607T054251_N0512_R005_T43SFR_20260607T085916,12,T43SFR,2026-06-07,11.71
S2C_MSIL2A_20260603T045701_N0512_R119_T44QPD_20260603T100112,12,T44QPD,2026-06-03,29.06
S2C_MSIL2A_20260609T051651_N0512_R062_T44RLU_20260609T101613,12,T44RLU,2026-06-09,16.92
S2A_MSIL2A_20260601T052241_N0512_R062_T43QFB_20260601T102012,12,T43QFB,2026-06-01,5.96
S2B_MSIL2A_20260604T051649_N0512_R062_T44RKP_20260604T090048,12,T44RKP,2026-06-04,0.21
S2C_MSIL2A_20260807T054641_N0512_R048_T43RCP_20260807T085410,12,T43RCP,2026-08-07,19.37
S2C_MSIL2A_20260701T055631_N0512_R091_T42RVS_20260701T090214,12,T42RVS,2026-07-01,0.02
S2A_MSIL2A_20260605T050231_N0512_R119_T44PLU_20260605T100518,12,T44PLU,2026-06-05,2.86
S2A_MSIL2A_20260715T050241_N0512_R119_T44PLA_20260715T100502,12,T44PLA,2026-07-15,11.02
S2B_MSIL2A_20260626T055629_N0512_R091_T42RVS_20260626T080048,12,T42RVS,2026-06-26,5.14
S2B_MSIL2A_20260630T053639_N0512_R005_T43RCQ_20260630T091701,12,T43RCQ,2026-06-30,22.05
S2C_MSIL2A_20260606T050651_N0512_R019_T44PLA_20260606T100020,12,T44PLA,2026-06-06,8.4
S2B_MSIL2A_20260607T052639_N0512_R105_T44RKV_20260607T091704,12,T44RKV,2026-06-07,23.74
S2C_MSIL2A_20260608T054641_N0512_R048_T43SCU_20260608T085208,12,T43SCU,2026-06-08,5.0
S2A_MSIL2A_20260625T050241_N0512_R119_T44PLS_20260625T100609,11,T44PLS,2026-06-25,1.28
S2C_MSIL2A_20260606T050651_N0512_R019_T44RLP_20260606T100718,11,T44RLP,2026-06-06,0.02
S2A_MSIL2A_20260710T055251_N0512_R048_T43RBQ_20260710T104116,11,T43RBQ,2026-07-10,4.03
S2B_MSIL2A_20260611T050649_N0512_R019_T44QLH_20260611T085745,11,T44QLH,2026-06-11,20.45
S2B_MSIL2A_20260615T044659_N0512_R076_T45QTD_20260615T083228,11,T45QTD,2026-06-15,3.95
S2A_MSIL2A_20260627T054251_N0512_R005_T43REP_20260627T103225,11,T43REP,2026-06-27,5.47
S2B_MSIL2A_20260611T050649_N0512_R019_T44QKJ_20260611T085745,11,T44QKJ,2026-06-11,6.1
S2A_MSIL2A_20260625T050241_N0512_R119_T44PMR_20260625T100609,11,T44PMR,2026-06-25,10.17
S2C_MSIL2A_20260602T052641_N0512_R105_T43QEA_20260602T102053,11,T43QEA,2026-06-02,3.29
S2B_MSIL2A_20260827T045659_N0512_R119_T44PKR_20260827T084453,11,T44PKR,2026-08-27,19.66
S2B_MSIL2A_20260604T051649_N0512_R062_T44RKN_20260604T090048,11,T44RKN,2026-06-04,4.85
S2B_MSIL2A_20260620T053639_N0512_R005_T43QCE_20260620T091923,11,T43QCE,2026-06-20,28.06
S2B_MSIL2A_20260713T054639_N0512_R048_T43RBN_20260713T075616,11,T43RBN,2026-07-13,26.5
S2B_MSIL2A_20260725T050559_N0512_R076_T44NMN_20260725T082640,11,T44NMN,2026-07-25,21.37
S2B_MSIL2A_20260810T050649_N0512_R019_T43PHK_20260810T085431,11,T43PHK,2026-08-10,3.19
S2B_MSIL2A_20260716T055639_N0512_R091_T42RYU_20260716T075902,11,T42RYU,2026-07-16,0.48
S2B_MSIL2A_20260605T044659_N0512_R076_T44QRJ_20260605T082808,11,T44QRJ,2026-06-05,13.99
S2B_MSIL2A_20260728T045659_N0512_R119_T44PLS_20260728T104345,11,T44PLS,2026-07-28,15.05
S2C_MSIL2A_20260609T051651_N0512_R062_T44QKL_20260609T101613,11,T44QKL,2026-06-09,21.61
S2C_MSIL2A_20260619T051651_N0512_R062_T43QFB_20260619T101809,11,T43QFB,2026-06-19,7.35
S2C_MSIL2A_20260628T054641_N0512_R048_T43SCS_20260628T085710,11,T43SCS,2026-06-28,0.11
S2A_MSIL2A_20260628T051241_N0512_R019_T44PLB_20260628T101512,11,T44PLB,2026-06-28,11.64
S2C_MSIL2A_20260628T054641_N0512_R048_T43RBQ_20260628T085710,11,T43RBQ,2026-06-28,0.01
S2C_MSIL2A_20260605T053641_N0512_R005_T43RDP_20260605T101858,11,T43RDP,2026-06-05,0.0
S2B_MSIL2A_20260610T053639_N0512_R005_T43SER_20260610T091702,11,T43SER,2026-06-10,0.39
S2B_MSIL2A_20260630T053639_N0512_R005_T43RDP_20260630T091701,11,T43RDP,2026-06-30,26.06
S2B_MSIL2A_20260604T051649_N0512_R062_T43QGF_20260604T090048,11,T43QGF,2026-06-04,22.23
S2B_MSIL2A_20260810T050649_N0512_R019_T44PLV_20260810T085431,11,T44PLV,2026-08-10,15.39
S2C_MSIL2A_20260819T050601_N0512_R076_T44PNQ_20260819T091316,11,T44PNQ,2026-08-19,0.04
S2B_MSIL2A_20260624T051649_N0512_R062_T44RMS_20260624T090105,10,T44RMS,2026-06-24,7.55
S2A_MSIL2A_20260601T052241_N0512_R062_T44QKL_20260601T102012,10,T44QKL,2026-06-01,22.81
S2C_MSIL2A_20260616T050651_N0512_R019_T44QMJ_20260616T100816,10,T44QMJ,2026-06-16,20.8
S2A_MSIL2A_20260608T051241_N0512_R019_T44RNS_20260608T101613,10,T44RNS,2026-06-08,3.5
S2A_MSIL2A_20260603T060301_N0512_R091_T42RWS_20260603T092618,10,T42RWS,2026-06-03,0.32
S2B_MSIL2A_20260827T045659_N0512_R119_T44PLT_20260827T084453,10,T44PLT,2026-08-27,12.49
S2C_MSIL2A_20260602T052641_N0512_R105_T43QEF_20260602T102053,10,T43QEF,2026-06-02,16.79
S2C_MSIL2A_20260603T045701_N0512_R119_T44PLV_20260603T100112,10,T44PLV,2026-06-03,12.49
S2B_MSIL2A_20260602T043659_N0512_R033_T45RWK_20260602T081357,10,T45RWK,2026-06-02,11.37
S2C_MSIL2A_20260611T055631_N0512_R091_T42RWS_20260611T090908,10,T42RWS,2026-06-11,0.5
S2C_MSIL2A_20260817T054631_N0512_R048_T42RYT_20260817T085418,10,T42RYT,2026-08-17,16.58
S2C_MSIL2A_20260718T054641_N0512_R048_T43RBQ_20260718T085552,10,T43RBQ,2026-07-18,4.27
S2B_MSIL2A_20260613T054639_N0512_R048_T42QWL_20260613T075254,10,T42QWL,2026-06-13,29.09
S2B_MSIL2A_20260611T050649_N0512_R019_T44QNK_20260611T085745,10,T44QNK,2026-06-11,2.13
S2A_MSIL2A_20260601T052241_N0512_R062_T43QGA_20260601T102012,10,T43QGA,2026-06-01,3.3
S2B_MSIL2A_20260706T041549_N0512_R090_T46RFR_20260706T063050,10,T46RFR,2026-07-06,23.76
S2A_MSIL2A_20260628T051241_N0512_R019_T44PLC_20260628T101512,10,T44PLC,2026-06-28,11.36
S2C_MSIL2A_20260706T050651_N0512_R019_T44PKR_20260706T100613,10,T44PKR,2026-07-06,8.99
S2B_MSIL2A_20260711T050649_N0512_R019_T43PHK_20260711T085428,10,T43PHK,2026-07-11,21.82
S2B_MSIL2A_20260607T052639_N0512_R105_T43QDB_20260607T091704,10,T43QDB,2026-06-07,9.64
S2A_MSIL2A_20260620T055251_N0512_R048_T43SCT_20260620T105812,10,T43SCT,2026-06-20,9.6
S2B_MSIL2A_20260611T050649_N0512_R019_T44QKE_20260611T085745,10,T44QKE,2026-06-11,3.15
S2C_MSIL2A_20260713T045701_N0512_R119_T44PKR_20260713T095014,10,T44PKR,2026-07-13,26.1
S2C_MSIL2A_20260603T045701_N0512_R119_T44PLB_20260603T100112,10,T44PLB,2026-06-03,12.47
S2C_MSIL2A_20260626T050651_N0512_R019_T44RMQ_20260626T100609,10,T44RMQ,2026-06-26,16.46
S2A_MSIL2A_20260607T054251_N0512_R005_T43SER_20260607T085916,10,T43SER,2026-06-07,0.24
S2A_MSIL2A_20260608T051241_N0512_R019_T44PLT_20260608T101613,10,T44PLT,2026-06-08,17.04
S2B_MSIL2A_20260601T050649_N0512_R019_T44PKR_20260601T085146,10,T44PKR,2026-06-01,11.7
S2C_MSIL2A_20260708T054641_N0512_R048_T43RCQ_20260708T085213,10,T43RCQ,2026-07-08,28.21
S2A_MSIL2A_20260627T054251_N0512_R005_T43SER_20260627T085509,9,T43SER,2026-06-27,3.08
S2C_MSIL2A_20260611T055631_N0512_R091_T42SYD_20260611T090908,9,T42SYD,2026-06-11,0.2
S2C_MSIL2A_20260718T054641_N0512_R048_T42RYT_20260718T085552,9,T42RYT,2026-07-18,1.64
S2C_MSIL2A_20260608T054641_N0512_R048_T42QXL_20260608T085208,9,T42QXL,2026-06-08,28.61
S2C_MSIL2A_20260613T045701_N0512_R119_T45RTJ_20260613T095409,9,T45RTJ,2026-06-13,9.23
S2A_MSIL2A_20260710T055251_N0512_R048_T42RYT_20260710T104116,9,T42RYT,2026-07-10,21.94
S2C_MSIL2A_20260805T050651_N0512_R019_T43PHM_20260805T101109,9,T43PHM,2026-08-05,23.64
S2A_MSIL2A_20260625T050241_N0512_R119_T44PMQ_20260625T100609,9,T44PMQ,2026-06-25,27.06
S2A_MSIL2A_20260715T050241_N0512_R119_T44PLB_20260715T100502,9,T44PLB,2026-07-15,21.4
S2B_MSIL2A_20260617T052649_N0512_R105_T43QCC_20260617T104156,9,T43QCC,2026-06-17,28.77
S2A_MSIL2A_20260605T050231_N0512_R119_T44PLV_20260605T100518,9,T44PLV,2026-06-05,4.0
S2C_MSIL2A_20260616T050651_N0512_R019_T44QMG_20260616T100816,9,T44QMG,2026-06-16,16.75
S2A_MSIL2A_20260714T053241_N0512_R105_T43QDA_20260714T102412,9,T43QDA,2026-07-14,24.26
S2B_MSIL2A_20260610T053639_N0512_R005_T43RFP_20260610T091702,9,T43RFP,2026-06-10,0.0
S2C_MSIL2A_20260616T050651_N0512_R019_T44QNJ_20260616T100816,9,T44QNJ,2026-06-16,17.9
S2A_MSIL2A_20260809T055251_N0512_R048_T42RYU_20260809T105919,9,T42RYU,2026-08-09,11.99
S2C_MSIL2A_20260606T050651_N0512_R019_T43PHL_20260606T100020,9,T43PHL,2026-06-06,15.5
S2A_MSIL2A_20260605T050231_N0512_R119_T44QNH_20260605T100518,9,T44QNH,2026-06-05,25.34
S2C_MSIL2A_20260706T050651_N0512_R019_T43PHL_20260706T100613,9,T43PHL,2026-07-06,10.66
S2C_MSIL2A_20260612T052641_N0512_R105_T43QDV_20260612T102118,9,T43QDV,2026-06-12,13.6
S2A_MSIL2A_20260628T051241_N0512_R019_T43PHL_20260628T101512,9,T43PHL,2026-06-28,17.82
S2A_MSIL2A_20260621T052241_N0512_R062_T43QEV_20260621T101812,9,T43QEV,2026-06-21,11.63
S2C_MSIL2A_20260619T051651_N0512_R062_T44RMS_20260619T101809,9,T44RMS,2026-06-19,1.9
S2C_MSIL2A_20260619T051651_N0512_R062_T43QFA_20260619T101809,9,T43QFA,2026-06-19,9.28
S2C_MSIL2A_20260618T054641_N0512_R048_T43SCS_20260618T085419,9,T43SCS,2026-06-18,1.18
S2A_MSIL2A_20260605T050231_N0512_R119_T44QPG_20260605T100518,9,T44QPG,2026-06-05,8.35
S2A_MSIL2A_20260628T051241_N0512_R019_T44PKR_20260628T101512,9,T44PKR,2026-06-28,15.75
S2C_MSIL2A_20260606T050651_N0512_R019_T44PKA_20260606T100020,9,T44PKA,2026-06-06,14.27
S2C_MSIL2A_20260606T050651_N0512_R019_T44QKE_20260606T100020,9,T44QKE,2026-06-06,16.77
S2C_MSIL2A_20260605T053641_N0512_R005_T43QBF_20260605T101858,9,T43QBF,2026-06-05,22.22
S2C_MSIL2A_20260713T045701_N0512_R119_T44PLQ_20260713T095014,9,T44PLQ,2026-07-13,26.46
S2C_MSIL2A_20260606T050651_N0512_R019_T44PMC_20260606T100020,9,T44PMC,2026-06-06,5.62
S2B_MSIL2A_20260607T052639_N0512_R105_T43QCD_20260607T091704,9,T43QCD,2026-06-07,26.13
S2B_MSIL2A_20260714T051649_N0512_R062_T43PES_20260714T090403,9,T43PES,2026-07-14,28.75
S2C_MSIL2A_20260603T045701_N0512_R119_T44PLA_20260603T100112,9,T44PLA,2026-06-03,12.43
S2B_MSIL2A_20260603T040539_N0512_R047_T46QGH_20260603T074349,9,T46QGH,2026-06-03,28.95
S2A_MSIL2A_20260607T054251_N0512_R005_T43RFP_20260607T102857,9,T43RFP,2026-06-07,1.26
S2C_MSIL2A_20260626T050651_N0512_R019_T44RMS_20260626T100609,9,T44RMS,2026-06-26,5.86
S2B_MSIL2A_20260731T050649_N0512_R019_T43PHL_20260731T085614,9,T43PHL,2026-07-31,10.03
S2C_MSIL2A_20260619T051651_N0512_R062_T44QKL_20260619T101809,9,T44QKL,2026-06-19,28.73
S2B_MSIL2A_20260728T045659_N0512_R119_T44PKS_20260728T104345,9,T44PKS,2026-07-28,15.99
S2C_MSIL2A_20260619T051651_N0512_R062_T44RKU_20260619T101809,9,T44RKU,2026-06-19,16.91
S2B_MSIL2A_20260820T050649_N0512_R019_T43PHK_20260820T085718,9,T43PHK,2026-08-20,21.06
S2C_MSIL2A_20260625T053641_N0512_R005_T43RFN_20260625T101830,9,T43RFN,2026-06-25,0.24
S2B_MSIL2A_20260604T051649_N0512_R062_T43QGC_20260604T090048,9,T43QGC,2026-06-04,1.51
S2B_MSIL2A_20260617T052649_N0512_R105_T43QEC_20260617T104156,9,T43QEC,2026-06-17,14.78
S2B_MSIL2A_20260614T051649_N0512_R062_T44RKP_20260614T091016,9,T44RKP,2026-06-14,15.09
S2C_MSIL2A_20260602T052641_N0512_R105_T43QCC_20260602T102053,9,T43QCC,2026-06-02,2.61
S2A_MSIL2A_20260604T053241_N0512_R105_T43QCE_20260604T090112,9,T43QCE,2026-06-04,7.78
S2B_MSIL2A_20260613T054639_N0512_R048_T42RYU_20260613T075254,9,T42RYU,2026-06-13,0.06
S2B_MSIL2A_20260613T054639_N0512_R048_T43SBT_20260613T075254,8,T43SBT,2026-06-13,29.22
S2C_MSIL2A_20260602T052641_N0512_R105_T43RFQ_20260602T102053,8,T43RFQ,2026-06-02,1.82
S2B_MSIL2A_20260617T052649_N0512_R105_T43QFD_20260617T104156,8,T43QFD,2026-06-17,27.65
S2B_MSIL2A_20260617T052649_N0512_R105_T43RFN_20260617T104156,8,T43RFN,2026-06-17,0.02
S2C_MSIL2A_20260821T052641_N0512_R105_T43RGM_20260821T102216,8,T43RGM,2026-08-21,21.21
S2C_MSIL2A_20260620T044701_N0512_R076_T45QUE_20260620T091811,8,T45QUE,2026-06-20,27.68
S2C_MSIL2A_20260602T052641_N0512_R105_T43QDE_20260602T102053,8,T43QDE,2026-06-02,19.17
S2C_MSIL2A_20260602T052641_N0512_R105_T43QCU_20260602T102053,8,T43QCU,2026-06-02,21.43
S2B_MSIL2A_20260617T052649_N0512_R105_T43RGM_20260617T104156,8,T43RGM,2026-06-17,0.0
S2C_MSIL2A_20260621T055631_N0512_R091_T42RWS_20260621T085315,8,T42RWS,2026-06-21,0.31
S2C_MSIL2A_20260626T050651_N0512_R019_T44RNR_20260626T100609,8,T44RNR,2026-06-26,22.14
S2A_MSIL2A_20260607T054251_N0512_R005_T43REQ_20260607T102857,8,T43REQ,2026-06-07,0.0
S2B_MSIL2A_20260815T055629_N0512_R091_T42RWR_20260815T080227,8,T42RWR,2026-08-15,8.3
S2B_MSIL2A_20260603T054629_N0512_R048_T43SCT_20260603T080213,8,T43SCT,2026-06-03,4.32
S2B_MSIL2A_20260810T050649_N0512_R019_T44QMD_20260810T085257,8,T44QMD,2026-08-10,16.71
S2B_MSIL2A_20260604T051649_N0512_R062_T44QLK_20260604T090048,8,T44QLK,2026-06-04,2.38
S2C_MSIL2A_20260625T053641_N0512_R005_T43RFP_20260625T101830,8,T43RFP,2026-06-25,0.89
S2B_MSIL2A_20260626T055629_N0512_R091_T42SYD_20260626T080600,8,T42SYD,2026-06-26,22.64
S2B_MSIL2A_20260627T052639_N0512_R105_T43RFP_20260627T091125,8,T43RFP,2026-06-27,3.4
S2C_MSIL2A_20260713T045701_N0512_R119_T44PMV_20260713T095014,8,T44PMV,2026-07-13,27.4
S2C_MSIL2A_20260616T050651_N0512_R019_T44QME_20260616T100816,8,T44QME,2026-06-16,29.2
S2A_MSIL2A_20260816T054251_N0512_R005_T43RDQ_20260816T103351,8,T43RDQ,2026-08-16,4.24
S2B_MSIL2A_20260610T053639_N0512_R005_T43RDP_20260610T091702,8,T43RDP,2026-06-10,0.0
S2B_MSIL2A_20260708T045659_N0512_R119_T44NLP_20260708T084403,8,T44NLP,2026-07-08,18.98
S2B_MSIL2A_20260608T045659_N0512_R119_T44QPH_20260608T084805,8,T44QPH,2026-06-08,23.9
S2A_MSIL2A_20260628T051241_N0512_R019_T43PHN_20260628T101512,8,T43PHN,2026-06-28,8.98
S2B_MSIL2A_20260711T050649_N0512_R019_T44PLT_20260711T085428,8,T44PLT,2026-07-11,0.26
S2A_MSIL2A_20260628T051241_N0512_R019_T43QGU_20260628T101512,8,T43QGU,2026-06-28,2.36
S2C_MSIL2A_20260606T050651_N0512_R019_T44PKT_20260606T100020,8,T44PKT,2026-06-06,26.12
S2A_MSIL2A_20260628T051241_N0512_R019_T44PKT_20260628T101512,8,T44PKT,2026-06-28,3.16
S2B_MSIL2A_20260731T050649_N0512_R019_T44PKR_20260731T085614,8,T44PKR,2026-07-31,5.15
S2C_MSIL2A_20260619T051651_N0512_R062_T43QGV_20260619T101809,8,T43QGV,2026-06-19,24.53
S2C_MSIL2A_20260619T051651_N0512_R062_T44QKG_20260619T101809,8,T44QKG,2026-06-19,22.04
S2C_MSIL2A_20260606T050651_N0512_R019_T44QLM_20260606T100718,8,T44QLM,2026-06-06,8.24
S2A_MSIL2A_20260715T050241_N0512_R119_T44PMC_20260715T100502,8,T44PMC,2026-07-15,26.85
S2C_MSIL2A_20260810T055631_N0512_R091_T42RYU_20260810T090514,8,T42RYU,2026-08-10,8.42
S2B_MSIL2A_20260617T052649_N0512_R105_T43QDB_20260617T104156,8,T43QDB,2026-06-17,5.96
S2B_MSIL2A_20260610T053639_N0512_R005_T42QYK_20260610T091702,8,T42QYK,2026-06-10,12.79
S2B_MSIL2A_20260611T050649_N0512_R019_T44QMK_20260611T085745,8,T44QMK,2026-06-11,5.52
S2C_MSIL2A_20260606T050651_N0512_R019_T44RMN_20260606T100718,8,T44RMN,2026-06-06,13.45
S2B_MSIL2A_20260610T053639_N0512_R005_T43SFR_20260610T091702,8,T43SFR,2026-06-10,3.81
S2B_MSIL2A_20260611T050649_N0512_R019_T44RLP_20260611T085745,8,T44RLP,2026-06-11,1.85
S2B_MSIL2A_20260616T055629_N0512_R091_T42RWR_20260616T080231,8,T42RWR,2026-06-16,5.58
S2B_MSIL2A_20260620T053639_N0512_R005_T42QYL_20260620T091923,8,T42QYL,2026-06-20,18.16
S2C_MSIL2A_20260728T054641_N0512_R048_T42RYU_20260728T085814,8,T42RYU,2026-07-28,5.33
S2B_MSIL2A_20260725T050559_N0512_R076_T44PNQ_20260725T082640,7,T44PNQ,2026-07-25,10.16
S2B_MSIL2A_20260716T055639_N0512_R091_T42RVR_20260716T075902,7,T42RVR,2026-07-16,0.61
S2C_MSIL2A_20260627T043701_N0512_R033_T45QWG_20260627T100110,7,T45QWG,2026-06-27,12.73
S2C_MSIL2A_20260605T053641_N0512_R005_T43QBA_20260605T101858,7,T43QBA,2026-06-05,27.02
S2B_MSIL2A_20260613T054639_N0512_R048_T42RYT_20260613T075254,7,T42RYT,2026-06-13,0.03
S2B_MSIL2A_20260604T051649_N0512_R062_T43QFU_20260604T090429,7,T43QFU,2026-06-04,29.96
S2C_MSIL2A_20260602T052641_N0512_R105_T43QDU_20260602T102053,7,T43QDU,2026-06-02,24.42
S2B_MSIL2A_20260603T054629_N0512_R048_T42QXL_20260603T080213,7,T42QXL,2026-06-03,5.89
S2C_MSIL2A_20260602T052641_N0512_R105_T43QBA_20260602T102053,7,T43QBA,2026-06-02,26.68
S2A_MSIL2A_20260612T045231_N0512_R076_T45QUG_20260612T095610,7,T45QUG,2026-06-12,15.05
S2A_MSIL2A_20260609T044231_N0512_R033_T45RWK_20260609T095116,7,T45RWK,2026-06-09,27.29
S2B_MSIL2A_20260810T050649_N0512_R019_T44QLD_20260810T085257,7,T44QLD,2026-08-10,18.61
S2B_MSIL2A_20260603T054629_N0512_R048_T42RYU_20260603T080213,7,T42RYU,2026-06-03,0.01
S2B_MSIL2A_20260617T052649_N0512_R105_T43QDC_20260617T104156,7,T43QDC,2026-06-17,12.9
S2C_MSIL2A_20260602T052641_N0512_R105_T43QFC_20260602T102053,7,T43QFC,2026-06-02,0.44
S2B_MSIL2A_20260614T051649_N0512_R062_T44RLU_20260614T091016,7,T44RLU,2026-06-14,20.6
S2B_MSIL2A_20260611T050649_N0512_R019_T44QMD_20260611T085745,7,T44QMD,2026-06-11,24.88
S2C_MSIL2A_20260805T050651_N0512_R019_T44PKR_20260805T101109,7,T44PKR,2026-08-05,22.4
S2C_MSIL2A_20260807T054641_N0512_R048_T43RBQ_20260807T085410,7,T43RBQ,2026-08-07,3.52
S2B_MSIL2A_20260618T045659_N0512_R119_T44QNH_20260618T084549,7,T44QNH,2026-06-18,24.61
S2C_MSIL2A_20260611T055631_N0512_R091_T42SYC_20260611T090908,7,T42SYC,2026-06-11,0.02
S2B_MSIL2A_20260611T050649_N0512_R019_T44RMN_20260611T085745,7,T44RMN,2026-06-11,4.69
S2C_MSIL2A_20260613T045701_N0512_R119_T44QNK_20260613T095409,7,T44QNK,2026-06-13,7.87
S2C_MSIL2A_20260606T050651_N0512_R019_T44QMG_20260606T100718,7,T44QMG,2026-06-06,22.93
S2B_MSIL2A_20260614T051649_N0512_R062_T43QGB_20260614T091016,7,T43QGB,2026-06-14,29.98
S2C_MSIL2A_20260726T050651_N0512_R019_T44PKR_20260726T100115,7,T44PKR,2026-07-26,29.46
S2C_MSIL2A_20260730T050601_N0512_R076_T44NMP_20260730T090842,7,T44NMP,2026-07-30,28.76
S2C_MSIL2A_20260810T041551_N0512_R090_T46RGR_20260810T071116,7,T46RGR,2026-08-10,20.59
S2C_MSIL2A_20260730T050601_N0512_R076_T44PNQ_20260730T090842,7,T44PNQ,2026-07-30,18.35
S2A_MSIL2A_20260604T053241_N0512_R105_T43QDD_20260604T090112,7,T43QDD,2026-06-04,20.13
S2B_MSIL2A_20260617T052649_N0512_R105_T43QCD_20260617T104156,7,T43QCD,2026-06-17,23.75
S2B_MSIL2A_20260614T051649_N0512_R062_T44QKJ_20260614T091016,7,T44QKJ,2026-06-14,5.08
S2C_MSIL2A_20260713T045701_N0512_R119_T44PLB_20260713T095014,7,T44PLB,2026-07-13,0.62
S2B_MSIL2A_20260627T052639_N0512_R105_T43RFM_20260627T091125,7,T43RFM,2026-06-27,0.0
S2C_MSIL2A_20260715T053641_N0512_R005_T43RCP_20260715T101509,7,T43RCP,2026-07-15,5.23
S2C_MSIL2A_20260618T054641_N0512_R048_T43SCR_20260618T085419,7,T43SCR,2026-06-18,0.0
S2B_MSIL2A_20260623T054639_N0512_R048_T43SCS_20260623T075208,7,T43SCS,2026-06-23,3.79
S2A_MSIL2A_20260605T050231_N0512_R119_T44PLA_20260605T100518,7,T44PLA,2026-06-05,3.85
S2B_MSIL2A_20260601T050649_N0512_R019_T43QHA_20260601T085256,7,T43QHA,2026-06-01,1.8
S2B_MSIL2A_20260711T050649_N0512_R019_T44PKS_20260711T085428,7,T44PKS,2026-07-11,26.41
S2A_MSIL2A_20260620T055251_N0512_R048_T42QWK_20260620T105812,7,T42QWK,2026-06-20,18.13
S2C_MSIL2A_20260611T055631_N0512_R091_T43SBU_20260611T090908,7,T43SBU,2026-06-11,0.73
S2A_MSIL2A_20260628T051241_N0512_R019_T43PHP_20260628T101512,7,T43PHP,2026-06-28,14.85
S2B_MSIL2A_20260627T052639_N0512_R105_T43RGN_20260627T091125,7,T43RGN,2026-06-27,0.12
S2C_MSIL2A_20260623T045701_N0512_R119_T44PLV_20260623T093859,7,T44PLV,2026-06-23,23.44
S2B_MSIL2A_20260604T051649_N0512_R062_T43PGS_20260604T090429,7,T43PGS,2026-06-04,29.86
S2B_MSIL2A_20260604T051649_N0512_R062_T44QKH_20260604T090048,7,T44QKH,2026-06-04,8.43
S2B_MSIL2A_20260720T053639_N0512_R005_T43RCP_20260720T230420,7,T43RCP,2026-07-20,9.18
S2C_MSIL2A_20260630T050601_N0512_R076_T44NNP_20260630T091320,7,T44NNP,2026-06-30,5.66
S2C_MSIL2A_20260628T054641_N0512_R048_T43SCU_20260628T085710,7,T43SCU,2026-06-28,27.13
S2B_MSIL2A_20260607T052639_N0512_R105_T43QDA_20260607T091704,7,T43QDA,2026-06-07,12.13
S2C_MSIL2A_20260603T045701_N0512_R119_T44QNG_20260603T100112,7,T44QNG,2026-06-03,0.93
S2C_MSIL2A_20260605T053641_N0512_R005_T43REP_20260605T101858,7,T43REP,2026-06-05,0.31
S2B_MSIL2A_20260706T055629_N0512_R091_T42RVN_20260706T075948,7,T42RVN,2026-07-06,26.78
S2B_MSIL2A_20260706T055629_N0512_R091_T42RXT_20260706T075948,7,T42RXT,2026-07-06,13.3
S2B_MSIL2A_20260609T060629_N0512_R134_T42SVF_20260609T081709,7,T42SVF,2026-06-09,0.33
S2C_MSIL2A_20260612T052641_N0512_R105_T43QEB_20260612T102118,7,T43QEB,2026-06-12,11.17
S2C_MSIL2A_20260603T045701_N0512_R119_T44QQG_20260603T100112,7,T44QQG,2026-06-03,1.63
S2C_MSIL2A_20260608T054641_N0512_R048_T42QXM_20260608T085208,7,T42QXM,2026-06-08,24.73
S2C_MSIL2A_20260616T050651_N0512_R019_T44QKD_20260616T100816,7,T44QKD,2026-06-16,25.98
S2B_MSIL2A_20260623T054639_N0512_R048_T43SCR_20260623T075208,7,T43SCR,2026-06-23,0.82
S2B_MSIL2A_20260625T050559_N0512_R076_T44NMP_20260625T082928,7,T44NMP,2026-06-25,11.27
S2A_MSIL2A_20260624T053241_N0512_R105_T43RFP_20260624T102111,7,T43RFP,2026-06-24,0.7
S2B_MSIL2A_20260610T053639_N0512_R005_T42QYJ_20260610T091702,7,T42QYJ,2026-06-10,22.14
S2B_MSIL2A_20260625T050559_N0512_R076_T44NNN_20260625T082928,7,T44NNN,2026-06-25,0.5
S2A_MSIL2A_20260628T051241_N0512_R019_T43PHK_20260628T101512,7,T43PHK,2026-06-28,20.0
S2C_MSIL2A_20260606T050651_N0512_R019_T44RMS_20260606T100718,7,T44RMS,2026-06-06,2.74
S2B_MSIL2A_20260611T050649_N0512_R019_T44QMM_20260611T085745,7,T44QMM,2026-06-11,0.72
S2B_MSIL2A_20260714T051649_N0512_R062_T44RKP_20260714T090106,7,T44RKP,2026-07-14,13.78
S2B_MSIL2A_20260615T044659_N0512_R076_T45QUD_20260615T083228,7,T45QUD,2026-06-15,4.87
S2C_MSIL2A_20260706T050651_N0512_R019_T44PLT_20260706T100613,7,T44PLT,2026-07-06,2.28
S2C_MSIL2A_20260708T054641_N0512_R048_T42RYU_20260708T085213,7,T42RYU,2026-07-08,4.71
S2A_MSIL2A_20260623T060301_N0512_R091_T42RVN_20260623T103006,7,T42RVN,2026-06-23,16.47
S2A_MSIL2A_20260628T051241_N0512_R019_T44PLT_20260628T101512,7,T44PLT,2026-06-28,0.03
S2C_MSIL2A_20260609T051651_N0512_R062_T43QFB_20260609T101613,7,T43QFB,2026-06-09,15.29
S2C_MSIL2A_20260603T045701_N0512_R119_T44QPF_20260603T100112,7,T44QPF,2026-06-03,12.19
S2C_MSIL2A_20260603T045701_N0512_R119_T45RTK_20260603T100112,7,T45RTK,2026-06-03,0.06
S2B_MSIL2A_20260711T050649_N0512_R019_T43PHL_20260711T085428,7,T43PHL,2026-07-11,24.4
S2A_MSIL2A_20260601T052241_N0512_R062_T43QGF_20260601T102012,6,T43QGF,2026-06-01,10.44
S2C_MSIL2A_20260827T054631_N0512_R048_T43RBP_20260827T085311,6,T43RBP,2026-08-27,3.78
S2C_MSIL2A_20260806T043701_N0512_R033_T46RBQ_20260806T094611,6,T46RBQ,2026-08-06,29.33
S2C_MSIL2A_20260809T044701_N0512_R076_T44QQE_20260809T092712,6,T44QQE,2026-08-09,23.8
S2A_MSIL2A_20260604T053241_N0512_R105_T43QDB_20260604T090112,6,T43QDB,2026-06-04,0.26
S2B_MSIL2A_20260615T044659_N0512_R076_T45QUF_20260615T083228,6,T45QUF,2026-06-15,0.44
S2B_MSIL2A_20260605T044659_N0512_R076_T45QVC_20260605T082808,6,T45QVC,2026-06-05,4.33
S2B_MSIL2A_20260725T050559_N0512_R076_T44NMP_20260725T082640,6,T44NMP,2026-07-25,10.71
S2C_MSIL2A_20260603T045701_N0512_R119_T44PLT_20260603T100112,6,T44PLT,2026-06-03,23.42
S2C_MSIL2A_20260626T050651_N0512_R019_T44RMP_20260626T100609,6,T44RMP,2026-06-26,24.55
S2C_MSIL2A_20260603T045701_N0512_R119_T44PKS_20260603T100112,6,T44PKS,2026-06-03,3.09
S2C_MSIL2A_20260602T052641_N0512_R105_T43RFP_20260602T102053,6,T43RFP,2026-06-02,2.5
S2C_MSIL2A_20260602T052641_N0512_R105_T43QEV_20260602T102053,6,T43QEV,2026-06-02,0.52
S2B_MSIL2A_20260815T055629_N0512_R091_T42RXS_20260815T080227,6,T42RXS,2026-08-15,2.11
S2B_MSIL2A_20260604T051649_N0512_R062_T44QLM_20260604T090048,6,T44QLM,2026-06-04,25.44
S2B_MSIL2A_20260604T051649_N0512_R062_T43PFS_20260604T090429,6,T43PFS,2026-06-04,28.93
S2C_MSIL2A_20260623T045701_N0512_R119_T44PLS_20260623T093859,6,T44PLS,2026-06-23,18.97
S2B_MSIL2A_20260604T051649_N0512_R062_T43QFE_20260604T090048,6,T43QFE,2026-06-04,0.53
S2C_MSIL2A_20260602T052641_N0512_R105_T43QFD_20260602T102053,6,T43QFD,2026-06-02,0.02
S2B_MSIL2A_20260825T055629_N0512_R091_T42RVN_20260825T080255,6,T42RVN,2026-08-25,18.65
S2B_MSIL2A_20260822T054629_N0512_R048_T43RCP_20260822T075335,6,T43RCP,2026-08-22,0.0
S2C_MSIL2A_20260602T052641_N0512_R105_T43QFE_20260602T102053,6,T43QFE,2026-06-02,1.79
S2B_MSIL2A_20260614T051649_N0512_R062_T44RMS_20260614T091016,6,T44RMS,2026-06-14,4.29
S2B_MSIL2A_20260822T040539_N0512_R047_T46RGR_20260822T060623,6,T46RGR,2026-08-22,23.41
S2C_MSIL2A_20260706T050651_N0512_R019_T43PHN_20260706T100613,6,T43PHN,2026-07-06,29.13
S2C_MSIL2A_20260603T045701_N0512_R119_T45RUL_20260603T100112,6,T45RUL,2026-06-03,18.82
S2B_MSIL2A_20260601T050649_N0512_R019_T44RPN_20260601T085256,6,T44RPN,2026-06-01,0.68
S2B_MSIL2A_20260601T050649_N0512_R019_T44RNR_20260601T085256,6,T44RNR,2026-06-01,26.47
S2C_MSIL2A_20260619T051651_N0512_R062_T44QKJ_20260619T101809,6,T44QKJ,2026-06-19,1.0
S2C_MSIL2A_20260619T051651_N0512_R062_T44RLQ_20260619T101809,6,T44RLQ,2026-06-19,12.06
S2C_MSIL2A_20260706T050651_N0512_R019_T43PHK_20260706T100613,6,T43PHK,2026-07-06,4.54
S2A_MSIL2A_20260607T054251_N0512_R005_T43REN_20260607T102857,6,T43REN,2026-06-07,0.0
S2C_MSIL2A_20260619T051651_N0512_R062_T44RLR_20260619T101809,6,T44RLR,2026-06-19,0.13
S2C_MSIL2A_20260603T045701_N0512_R119_T44RQS_20260603T100112,6,T44RQS,2026-06-03,23.45
S2C_MSIL2A_20260605T035541_N0512_R004_T47RLH_20260605T084621,6,T47RLH,2026-06-05,24.04
S2A_MSIL2A_20260605T050231_N0512_R119_T44QNK_20260605T100518,6,T44QNK,2026-06-05,0.45
S2A_MSIL2A_20260605T050231_N0512_R119_T44QPF_20260605T100518,6,T44QPF,2026-06-05,14.62
S2C_MSIL2A_20260619T051651_N0512_R062_T43QEA_20260619T101809,6,T43QEA,2026-06-19,3.48
S2C_MSIL2A_20260618T054641_N0512_R048_T43RBQ_20260618T085419,6,T43RBQ,2026-06-18,0.95
S2A_MSIL2A_20260809T055251_N0512_R048_T42RYT_20260809T105919,6,T42RYT,2026-08-09,12.58
S2A_MSIL2A_20260804T050241_N0512_R119_T44PLB_20260804T114612,6,T44PLB,2026-08-04,29.53
S2C_MSIL2A_20260619T051651_N0512_R062_T43QFV_20260619T101809,6,T43QFV,2026-06-19,14.92
S2C_MSIL2A_20260606T050651_N0512_R019_T44PKS_20260606T100020,6,T44PKS,2026-06-06,11.52
S2B_MSIL2A_20260610T053639_N0512_R005_T43RCH_20260610T091702,6,T43RCH,2026-06-10,0.01
S2B_MSIL2A_20260608T045659_N0512_R119_T44PLS_20260608T084805,6,T44PLS,2026-06-08,25.68
S2B_MSIL2A_20260630T053639_N0512_R005_T43RCJ_20260630T091701,6,T43RCJ,2026-06-30,6.11
S2A_MSIL2A_20260623T060301_N0512_R091_T42RVS_20260623T092418,6,T42RVS,2026-06-23,0.09
S2C_MSIL2A_20260612T052641_N0512_R105_T43QDB_20260612T102118,6,T43QDB,2026-06-12,19.09
S2C_MSIL2A_20260612T052641_N0512_R105_T43QEC_20260612T102118,6,T43QEC,2026-06-12,12.6
S2C_MSIL2A_20260609T051651_N0512_R062_T43QGD_20260609T101613,6,T43QGD,2026-06-09,4.59
S2C_MSIL2A_20260711T055631_N0512_R091_T42RYU_20260711T090217,6,T42RYU,2026-07-11,0.6
S2B_MSIL2A_20260627T052639_N0512_R105_T43PET_20260627T091125,6,T43PET,2026-06-27,22.88
S2C_MSIL2A_20260616T050651_N0512_R019_T44RMN_20260616T100816,6,T44RMN,2026-06-16,0.08
S2C_MSIL2A_20260616T050651_N0512_R019_T44RPS_20260616T100816,6,T44RPS,2026-06-16,16.91
S2B_MSIL2A_20260623T054639_N0512_R048_T43RBN_20260623T075208,6,T43RBN,2026-06-23,3.79
S2C_MSIL2A_20260618T054641_N0512_R048_T42RYU_20260618T085419,6,T42RYU,2026-06-18,5.63
S2B_MSIL2A_20260624T051649_N0512_R062_T44RKP_20260624T090105,6,T44RKP,2026-06-24,5.48
S2B_MSIL2A_20260623T054639_N0512_R048_T43SDT_20260623T075208,6,T43SDT,2026-06-23,24.03
S2A_MSIL2A_20260624T053241_N0512_R105_T43RGP_20260624T102111,6,T43RGP,2026-06-24,9.06
S2C_MSIL2A_20260728T054641_N0512_R048_T43RCP_20260728T085814,6,T43RCP,2026-07-28,19.69
S2C_MSIL2A_20260616T050651_N0512_R019_T43PFQ_20260616T100816,6,T43PFQ,2026-06-16,24.12
S2C_MSIL2A_20260608T054641_N0512_R048_T43SCR_20260608T085208,6,T43SCR,2026-06-08,0.0
S2B_MSIL2A_20260620T053639_N0512_R005_T43QCG_20260620T091923,6,T43QCG,2026-06-20,4.11
S2A_MSIL2A_20260625T050241_N0512_R119_T44PMV_20260625T100609,6,T44PMV,2026-06-25,6.39
S2C_MSIL2A_20260608T054641_N0512_R048_T43SCS_20260608T085208,6,T43SCS,2026-06-08,0.07
S2B_MSIL2A_20260614T051649_N0512_R062_T44QKG_20260614T091016,6,T44QKG,2026-06-14,16.85
S2A_MSIL2A_20260604T053241_N0512_R105_T43QDC_20260604T090112,6,T43QDC,2026-06-04,0.1
S2C_MSIL2A_20260606T050651_N0512_R019_T44QNK_20260606T100718,6,T44QNK,2026-06-06,16.34
S2C_MSIL2A_20260611T055631_N0512_R091_T42RVP_20260611T090908,6,T42RVP,2026-06-11,0.08
S2A_MSIL2A_20260627T054251_N0512_R005_T43RDP_20260627T103225,6,T43RDP,2026-06-27,3.42
S2C_MSIL2A_20260807T040541_N0512_R047_T47RKK_20260807T070013,5,T47RKK,2026-08-07,29.4
S2B_MSIL2A_20260810T050649_N0512_R019_T44QME_20260810T085257,5,T44QME,2026-08-10,15.59
S2B_MSIL2A_20260606T055629_N0512_R091_T42QWM_20260606T080123,5,T42QWM,2026-06-06,11.23
S2B_MSIL2A_20260617T052649_N0512_R105_T43RFM_20260617T104156,5,T43RFM,2026-06-17,0.17
S2B_MSIL2A_20260614T051649_N0512_R062_T44QLL_20260614T091016,5,T44QLL,2026-06-14,0.93
S2B_MSIL2A_20260614T051649_N0512_R062_T44QKF_20260614T091016,5,T44QKF,2026-06-14,15.22
S2A_MSIL2A_20260604T053241_N0512_R105_T43QED_20260604T090112,5,T43QED,2026-06-04,27.25
S2C_MSIL2A_20260616T050651_N0512_R019_T44RMQ_20260616T100816,5,T44RMQ,2026-06-16,2.1
S2B_MSIL2A_20260615T044659_N0512_R076_T45QUE_20260615T083228,5,T45QUE,2026-06-15,19.74
S2B_MSIL2A_20260615T044659_N0512_R076_T45QTE_20260615T083228,5,T45QTE,2026-06-15,4.54
S2A_MSIL2A_20260604T053241_N0512_R105_T43RFP_20260604T090112,5,T43RFP,2026-06-04,4.99
S2A_MSIL2A_20260604T053241_N0512_R105_T43QEB_20260604T090112,5,T43QEB,2026-06-04,3.03
S2C_MSIL2A_20260619T051651_N0512_R062_T44RLP_20260619T101809,5,T44RLP,2026-06-19,27.71
S2B_MSIL2A_20260605T044659_N0512_R076_T44QRK_20260605T083347,5,T44QRK,2026-06-05,18.29
S2C_MSIL2A_20260616T050651_N0512_R019_T44RMT_20260616T100816,5,T44RMT,2026-06-16,10.35
S2C_MSIL2A_20260616T050651_N0512_R019_T44QMF_20260616T100816,5,T44QMF,2026-06-16,12.48
S2C_MSIL2A_20260606T050651_N0512_R019_T43QHU_20260606T100020,5,T43QHU,2026-06-06,4.05
S2C_MSIL2A_20260618T054641_N0512_R048_T43RBN_20260618T085419,5,T43RBN,2026-06-18,6.69
S2B_MSIL2A_20260718T045659_N0512_R119_T44PLS_20260718T085636,5,T44PLS,2026-07-18,19.5
S2A_MSIL2A_20260628T051241_N0512_R019_T44QLD_20260628T101512,5,T44QLD,2026-06-28,27.22
S2A_MSIL2A_20260816T054251_N0512_R005_T43RDP_20260816T103351,5,T43RDP,2026-08-16,2.03
S2A_MSIL2A_20260605T050231_N0512_R119_T44PMQ_20260605T100518,5,T44PMQ,2026-06-05,14.77
S2B_MSIL2A_20260620T053639_N0512_R005_T42QYJ_20260620T091923,5,T42QYJ,2026-06-20,26.82
S2B_MSIL2A_20260714T051649_N0512_R062_T43PGT_20260714T090403,5,T43PGT,2026-07-14,21.27
S2C_MSIL2A_20260619T051651_N0512_R062_T43QEV_20260619T101809,5,T43QEV,2026-06-19,14.4
S2A_MSIL2A_20260627T054251_N0512_R005_T43RBH_20260627T103225,5,T43RBH,2026-06-27,3.05
S2C_MSIL2A_20260619T051651_N0512_R062_T44RKR_20260619T101809,5,T44RKR,2026-06-19,10.13
S2A_MSIL2A_20260621T052241_N0512_R062_T43QEB_20260621T101812,5,T43QEB,2026-06-21,19.37
S2B_MSIL2A_20260605T044659_N0512_R076_T45QTE_20260605T083347,5,T45QTE,2026-06-05,26.09
S2A_MSIL2A_20260628T051241_N0512_R019_T44PLA_20260628T101512,5,T44PLA,2026-06-28,17.32
S2B_MSIL2A_20260603T054629_N0512_R048_T42QWL_20260603T080213,5,T42QWL,2026-06-03,0.47
S2B_MSIL2A_20260603T054629_N0512_R048_T42QYL_20260603T080213,5,T42QYL,2026-06-03,1.94
S2B_MSIL2A_20260601T050649_N0512_R019_T44QKH_20260601T085256,5,T44QKH,2026-06-01,0.39
S2B_MSIL2A_20260603T054629_N0512_R048_T42QYJ_20260603T080213,5,T42QYJ,2026-06-03,12.37
S2B_MSIL2A_20260623T054639_N0512_R048_T43SBT_20260623T075208,5,T43SBT,2026-06-23,1.34
S2B_MSIL2A_20260623T054639_N0512_R048_T43SCU_20260623T075208,5,T43SCU,2026-06-23,23.2
S2C_MSIL2A_20260611T055631_N0512_R091_T42SYB_20260611T090908,5,T42SYB,2026-06-11,0.39
S2A_MSIL2A_20260627T054251_N0512_R005_T43RCH_20260627T103225,5,T43RCH,2026-06-27,8.52
S2A_MSIL2A_20260607T054251_N0512_R005_T43SFS_20260607T085916,5,T43SFS,2026-06-07,20.2
S2B_MSIL2A_20260624T051649_N0512_R062_T44RMT_20260624T090105,5,T44RMT,2026-06-24,28.85
S2C_MSIL2A_20260602T052641_N0512_R105_T43QEB_20260602T102053,5,T43QEB,2026-06-02,11.05
S2C_MSIL2A_20260707T043701_N0512_R033_T46RCT_20260707T094314,5,T46RCT,2026-07-07,18.33
S2B_MSIL2A_20260625T050559_N0512_R076_T44NNP_20260625T082928,5,T44NNP,2026-06-25,3.02
S2B_MSIL2A_20260625T044659_N0512_R076_T45QVF_20260625T083525,5,T45QVF,2026-06-25,9.76
S2A_MSIL2A_20260610T041211_N0512_R047_T47QKD_20260610T074520,5,T47QKD,2026-06-10,15.82
S2C_MSIL2A_20260612T052641_N0512_R105_T43QFC_20260612T102118,5,T43QFC,2026-06-12,1.31
S2B_MSIL2A_20260703T054639_N0512_R048_T43SBU_20260703T075529,5,T43SBU,2026-07-03,14.68
S2C_MSIL2A_20260708T054641_N0512_R048_T43SBT_20260708T085213,5,T43SBT,2026-07-08,5.56
S2B_MSIL2A_20260607T052639_N0512_R105_T43QFC_20260607T091704,5,T43QFC,2026-06-07,28.88
S2B_MSIL2A_20260610T053639_N0512_R005_T43REP_20260610T091702,5,T43REP,2026-06-10,0.0
S2C_MSIL2A_20260710T050601_N0512_R076_T44NMP_20260710T091011,5,T44NMP,2026-07-10,27.02
S2B_MSIL2A_20260610T053639_N0512_R005_T43SDT_20260610T091702,5,T43SDT,2026-06-10,2.42
S2C_MSIL2A_20260708T054641_N0512_R048_T43RBQ_20260708T085213,5,T43RBQ,2026-07-08,4.67
S2B_MSIL2A_20260611T050649_N0512_R019_T44QNL_20260611T085745,5,T44QNL,2026-06-11,3.37
S2C_MSIL2A_20260715T053641_N0512_R005_T43RFQ_20260715T101509,5,T43RFQ,2026-07-15,2.62
S2B_MSIL2A_20260601T050649_N0512_R019_T43PFP_20260601T085146,5,T43PFP,2026-06-01,18.47
S2C_MSIL2A_20260609T051651_N0512_R062_T44RKP_20260609T101613,5,T44RKP,2026-06-09,13.66
S2B_MSIL2A_20260706T055629_N0512_R091_T43SBU_20260706T081350,5,T43SBU,2026-07-06,10.34
S2C_MSIL2A_20260609T051651_N0512_R062_T44RKU_20260609T101613,5,T44RKU,2026-06-09,4.62
S2A_MSIL2A_20260605T050231_N0512_R119_T44PKT_20260605T100518,5,T44PKT,2026-06-05,8.73
S2C_MSIL2A_20260609T051651_N0512_R062_T43QFF_20260609T101613,5,T43QFF,2026-06-09,5.08
S2C_MSIL2A_20260606T050651_N0512_R019_T43PHS_20260606T100020,5,T43PHS,2026-06-06,4.91
S2B_MSIL2A_20260611T050649_N0512_R019_T44RNN_20260611T085745,5,T44RNN,2026-06-11,12.68
S2B_MSIL2A_20260621T050649_N0512_R019_T44QML_20260621T085550,5,T44QML,2026-06-21,13.88
S2B_MSIL2A_20260810T050649_N0512_R019_T44QKE_20260810T085257,5,T44QKE,2026-08-10,20.96
S2B_MSIL2A_20260810T050649_N0512_R019_T44QKF_20260810T085257,5,T44QKF,2026-08-10,10.59
S2C_MSIL2A_20260603T045701_N0512_R119_T44PKT_20260603T100112,5,T44PKT,2026-06-03,29.21
S2C_MSIL2A_20260602T052641_N0512_R105_T43QDC_20260602T102053,5,T43QDC,2026-06-02,8.98
S2C_MSIL2A_20260617T043701_N0512_R033_T45QWF_20260617T092754,5,T45QWF,2026-06-17,21.6
S2A_MSIL2A_20260605T050231_N0512_R119_T44QQF_20260605T100518,5,T44QQF,2026-06-05,0.65
S2B_MSIL2A_20260603T054629_N0512_R048_T43RBP_20260603T080213,5,T43RBP,2026-06-03,0.0
S2C_MSIL2A_20260603T045701_N0512_R119_T44QNF_20260603T100112,5,T44QNF,2026-06-03,2.34
S2A_MSIL2A_20260607T054251_N0512_R005_T43RDQ_20260607T102857,5,T43RDQ,2026-06-07,0.01
S2B_MSIL2A_20260810T050649_N0512_R019_T44PKR_20260810T085431,5,T44PKR,2026-08-10,1.77
S2C_MSIL2A_20260608T054641_N0512_R048_T43SBT_20260608T085208,5,T43SBT,2026-06-08,0.0
S2B_MSIL2A_20260810T050649_N0512_R019_T44PKS_20260810T085431,5,T44PKS,2026-08-10,25.08
S2C_MSIL2A_20260617T043701_N0512_R033_T45QWE_20260617T092754,5,T45QWE,2026-06-17,20.98
S2C_MSIL2A_20260606T050651_N0512_R019_T44RNQ_20260606T100718,5,T44RNQ,2026-06-06,17.59
S2A_MSIL2A_20260605T050231_N0512_R119_T44PMR_20260605T100518,4,T44PMR,2026-06-05,13.31
S2B_MSIL2A_20260613T054639_N0512_R048_T43SDR_20260613T075254,4,T43SDR,2026-06-13,18.05
S2C_MSIL2A_20260608T054641_N0512_R048_T42QYK_20260608T085208,4,T42QYK,2026-06-08,14.1
S2C_MSIL2A_20260609T051651_N0512_R062_T43QFE_20260609T101613,4,T43QFE,2026-06-09,2.24
S2A_MSIL2A_20260623T060301_N0512_R091_T42RWR_20260623T092418,4,T42RWR,2026-06-23,0.04
S2B_MSIL2A_20260604T051649_N0512_R062_T44RMQ_20260604T090048,4,T44RMQ,2026-06-04,13.44
S2B_MSIL2A_20260604T051649_N0512_R062_T44RLT_20260604T090048,4,T44RLT,2026-06-04,27.51
S2A_MSIL2A_20260625T050241_N0512_R119_T44PKS_20260625T100609,4,T44PKS,2026-06-25,0.57
S2A_MSIL2A_20260624T053241_N0512_R105_T43RDH_20260624T102111,4,T43RDH,2026-06-24,17.16
S2C_MSIL2A_20260812T045701_N0512_R119_T45QTG_20260812T100317,4,T45QTG,2026-08-12,27.16
S2B_MSIL2A_20260615T044659_N0512_R076_T44QRK_20260615T083228,4,T44QRK,2026-06-15,2.1
S2C_MSIL2A_20260616T050651_N0512_R019_T44RLP_20260616T100816,4,T44RLP,2026-06-16,0.0
S2C_MSIL2A_20260616T050651_N0512_R019_T44RMS_20260616T100816,4,T44RMS,2026-06-16,0.11
S2B_MSIL2A_20260614T051649_N0512_R062_T44RKN_20260614T091016,4,T44RKN,2026-06-14,7.43
S2C_MSIL2A_20260616T050651_N0512_R019_T44QMM_20260616T100816,4,T44QMM,2026-06-16,0.24
S2B_MSIL2A_20260605T044659_N0512_R076_T45QUD_20260605T082808,4,T45QUD,2026-06-05,0.39
S2A_MSIL2A_20260604T053241_N0512_R105_T43QEC_20260604T090112,4,T43QEC,2026-06-04,8.12
S2A_MSIL2A_20260727T054251_N0512_R005_T43RCP_20260727T103314,4,T43RCP,2026-07-27,28.61
S2C_MSIL2A_20260817T054631_N0512_R048_T43RBN_20260817T085418,4,T43RBN,2026-08-17,13.45
S2B_MSIL2A_20260810T050649_N0512_R019_T44QLE_20260810T085257,4,T44QLE,2026-08-10,5.1
S2B_MSIL2A_20260604T051649_N0512_R062_T44RLR_20260604T090048,4,T44RLR,2026-06-04,4.77
S2B_MSIL2A_20260613T054639_N0512_R048_T43RBN_20260613T075254,4,T43RBN,2026-06-13,0.0
S2B_MSIL2A_20260604T051649_N0512_R062_T44RLQ_20260604T090048,4,T44RLQ,2026-06-04,1.25
S2B_MSIL2A_20260604T051649_N0512_R062_T44RLP_20260604T090048,4,T44RLP,2026-06-04,1.81
S2B_MSIL2A_20260616T055629_N0512_R091_T42SYD_20260616T080231,4,T42SYD,2026-06-16,18.92
S2B_MSIL2A_20260604T051649_N0512_R062_T43RGH_20260604T090048,4,T43RGH,2026-06-04,7.83
S2B_MSIL2A_20260614T051649_N0512_R062_T43QGC_20260614T091016,4,T43QGC,2026-06-14,28.91
S2A_MSIL2A_20260604T053241_N0512_R105_T43RFM_20260604T090112,4,T43RFM,2026-06-04,3.05
S2B_MSIL2A_20260716T055639_N0512_R091_T42RVP_20260716T075902,4,T42RVP,2026-07-16,24.44
S2B_MSIL2A_20260601T050649_N0512_R019_T43PHK_20260601T085146,4,T43PHK,2026-06-01,1.55
S2A_MSIL2A_20260628T051241_N0512_R019_T44PKU_20260628T101512,4,T44PKU,2026-06-28,5.53
S2B_MSIL2A_20260601T050649_N0512_R019_T43PHL_20260601T085146,4,T43PHL,2026-06-01,22.24
S2A_MSIL2A_20260628T051241_N0512_R019_T44QMD_20260628T101512,4,T44QMD,2026-06-28,23.38
S2B_MSIL2A_20260617T052649_N0512_R105_T43RFQ_20260617T104156,4,T43RFQ,2026-06-17,10.03
S2B_MSIL2A_20260822T054629_N0512_R048_T43RBP_20260822T075335,4,T43RBP,2026-08-22,0.02
S2C_MSIL2A_20260623T045701_N0512_R119_T45RTK_20260623T100125,4,T45RTK,2026-06-23,6.94
S2C_MSIL2A_20260609T051651_N0512_R062_T44RLQ_20260609T101613,4,T44RLQ,2026-06-09,16.89
S2C_MSIL2A_20260609T051651_N0512_R062_T44RLR_20260609T101613,4,T44RLR,2026-06-09,6.9
S2B_MSIL2A_20260706T055629_N0512_R091_T42SYD_20260706T081350,4,T42SYD,2026-07-06,2.97
S2B_MSIL2A_20260711T050649_N0512_R019_T44PKR_20260711T085428,4,T44PKR,2026-07-11,19.73
S2B_MSIL2A_20260611T050649_N0512_R019_T44QLL_20260611T085745,4,T44QLL,2026-06-11,0.36
S2A_MSIL2A_20260829T055251_N0512_R048_T42SYB_20260829T105216,4,T42SYB,2026-08-29,3.22
S2A_MSIL2A_20260620T055251_N0512_R048_T43SDS_20260620T105812,4,T43SDS,2026-06-20,1.62
S2A_MSIL2A_20260620T055251_N0512_R048_T43SCS_20260620T105812,4,T43SCS,2026-06-20,0.23
S2B_MSIL2A_20260607T052639_N0512_R105_T43RFN_20260607T091704,4,T43RFN,2026-06-07,1.72
S2B_MSIL2A_20260611T050649_N0512_R019_T44RLN_20260611T085745,4,T44RLN,2026-06-11,1.34
S2A_MSIL2A_20260628T051241_N0512_R019_T43PHS_20260628T101512,4,T43PHS,2026-06-28,9.38
S2A_MSIL2A_20260811T050621_N0512_R076_T44NMP_20260811T105508,4,T44NMP,2026-08-11,22.28
S2C_MSIL2A_20260718T054641_N0512_R048_T43RCQ_20260718T085552,4,T43RCQ,2026-07-18,1.03
S2C_MSIL2A_20260723T045701_N0512_R119_T44PLB_20260723T095515,4,T44PLB,2026-07-23,6.3
S2B_MSIL2A_20260625T044659_N0512_R076_T45RVJ_20260625T083525,4,T45RVJ,2026-06-25,13.46
S2C_MSIL2A_20260602T052641_N0512_R105_T43QDV_20260602T102053,4,T43QDV,2026-06-02,1.79
S2C_MSIL2A_20260602T052641_N0512_R105_T43RFN_20260602T102053,4,T43RFN,2026-06-02,13.44
S2C_MSIL2A_20260601T055631_N0512_R091_T42RWR_20260601T090514,4,T42RWR,2026-06-01,1.32
S2B_MSIL2A_20260607T052639_N0512_R105_T43RFH_20260607T091704,4,T43RFH,2026-06-07,5.25
S2B_MSIL2A_20260621T050649_N0512_R019_T44RNS_20260621T085159,4,T44RNS,2026-06-21,29.36
S2A_MSIL2A_20260612T045231_N0512_R076_T45QTB_20260612T095610,4,T45QTB,2026-06-12,20.01
S2C_MSIL2A_20260612T052641_N0512_R105_T43QEA_20260612T102118,4,T43QEA,2026-06-12,11.96
S2B_MSIL2A_20260607T052639_N0512_R105_T43QDC_20260607T091704,4,T43QDC,2026-06-07,12.82
S2B_MSIL2A_20260607T052639_N0512_R105_T43QEV_20260607T091704,4,T43QEV,2026-06-07,17.97
S2B_MSIL2A_20260604T051649_N0512_R062_T43QGD_20260604T090048,4,T43QGD,2026-06-04,3.42
S2B_MSIL2A_20260610T053639_N0512_R005_T43SDR_20260610T091702,4,T43SDR,2026-06-10,0.0
S2C_MSIL2A_20260708T054641_N0512_R048_T43SCT_20260708T085213,4,T43SCT,2026-07-08,26.45
S2B_MSIL2A_20260611T050649_N0512_R019_T43QHU_20260611T085745,4,T43QHU,2026-06-11,19.43
S2C_MSIL2A_20260713T045701_N0512_R119_T44PLA_20260713T095014,4,T44PLA,2026-07-13,22.64
S2C_MSIL2A_20260715T053641_N0512_R005_T43RCQ_20260715T101509,4,T43RCQ,2026-07-15,5.53
S2B_MSIL2A_20260604T051649_N0512_R062_T43QFV_20260604T090429,4,T43QFV,2026-06-04,10.18
S2C_MSIL2A_20260601T055631_N0512_R091_T42RWS_20260601T090514,4,T42RWS,2026-06-01,0.64
S2C_MSIL2A_20260613T045701_N0512_R119_T44RQN_20260613T095409,4,T44RQN,2026-06-13,12.79
S2C_MSIL2A_20260606T050651_N0512_R019_T43PHK_20260606T100020,4,T43PHK,2026-06-06,28.35
S2C_MSIL2A_20260605T053641_N0512_R005_T43SDS_20260605T101858,4,T43SDS,2026-06-05,7.18
S2C_MSIL2A_20260605T035541_N0512_R004_T47QKE_20260605T084621,4,T47QKE,2026-06-05,28.14
S2B_MSIL2A_20260710T053639_N0512_R005_T42QYG_20260710T091511,4,T42QYG,2026-07-10,15.63
S2B_MSIL2A_20260710T053639_N0512_R005_T43RDP_20260710T091511,4,T43RDP,2026-07-10,26.16
S2B_MSIL2A_20260624T051649_N0512_R062_T44RMQ_20260624T090105,4,T44RMQ,2026-06-24,14.37
S2C_MSIL2A_20260706T050651_N0512_R019_T44PKT_20260706T100613,4,T44PKT,2026-07-06,9.99
S2C_MSIL2A_20260711T055631_N0512_R091_T42RVR_20260711T090217,4,T42RVR,2026-07-11,9.46
S2C_MSIL2A_20260603T045701_N0512_R119_T44QQF_20260603T100112,4,T44QQF,2026-06-03,22.93
S2C_MSIL2A_20260603T045701_N0512_R119_T44QPE_20260603T100112,4,T44QPE,2026-06-03,27.61
S2B_MSIL2A_20260623T054639_N0512_R048_T43SDR_20260623T075208,4,T43SDR,2026-06-23,1.26
S2C_MSIL2A_20260603T045701_N0512_R119_T44RQR_20260603T100112,4,T44RQR,2026-06-03,7.43
S2B_MSIL2A_20260623T054639_N0512_R048_T43SBU_20260623T075208,4,T43SBU,2026-06-23,8.29
S2C_MSIL2A_20260603T045701_N0512_R119_T44QMG_20260603T100112,4,T44QMG,2026-06-03,0.49
S2A_MSIL2A_20260605T050231_N0512_R119_T44RQQ_20260605T100518,4,T44RQQ,2026-06-05,1.32
S2B_MSIL2A_20260627T052639_N0512_R105_T44RKS_20260627T091125,4,T44RKS,2026-06-27,1.71
S2B_MSIL2A_20260626T055629_N0512_R091_T42RVP_20260626T080048,4,T42RVP,2026-06-26,3.76
S2C_MSIL2A_20260706T050651_N0512_R019_T44PKS_20260706T100613,4,T44PKS,2026-07-06,1.46
S2B_MSIL2A_20260603T054629_N0512_R048_T43SCR_20260603T080213,4,T43SCR,2026-06-03,0.01
S2A_MSIL2A_20260627T054251_N0512_R005_T43QBG_20260627T103225,4,T43QBG,2026-06-27,11.17
S2B_MSIL2A_20260603T054629_N0512_R048_T43RBQ_20260603T080213,4,T43RBQ,2026-06-03,0.0
S2B_MSIL2A_20260625T044659_N0512_R076_T45QUC_20260625T082801,4,T45QUC,2026-06-25,29.91
S2A_MSIL2A_20260607T054251_N0512_R005_T43SDR_20260607T085916,4,T43SDR,2026-06-07,0.0
S2A_MSIL2A_20260625T050241_N0512_R119_T45RTK_20260625T100609,4,T45RTK,2026-06-25,13.51
S2B_MSIL2A_20260601T050649_N0512_R019_T44QLK_20260601T085256,4,T44QLK,2026-06-01,16.29
S2A_MSIL2A_20260627T054251_N0512_R005_T43RFN_20260627T103225,4,T43RFN,2026-06-27,0.31
S2B_MSIL2A_20260607T052639_N0512_R105_T43RGM_20260607T091704,4,T43RGM,2026-06-07,0.03
S2B_MSIL2A_20260609T060629_N0512_R134_T42SVE_20260609T081709,4,T42SVE,2026-06-09,4.26
S2B_MSIL2A_20260609T060629_N0512_R134_T42RVU_20260609T081821,4,T42RVU,2026-06-09,0.0
S2B_MSIL2A_20260603T040539_N0512_R047_T46QFJ_20260603T074349,4,T46QFJ,2026-06-03,22.91
S2B_MSIL2A_20260603T054629_N0512_R048_T42QWJ_20260603T080213,4,T42QWJ,2026-06-03,1.94
S2C_MSIL2A_20260602T052641_N0512_R105_T43QDA_20260602T102053,4,T43QDA,2026-06-02,9.85
S2C_MSIL2A_20260602T052641_N0512_R105_T43QDG_20260602T102053,4,T43QDG,2026-06-02,4.55
S2B_MSIL2A_20260630T053639_N0512_R005_T43SDR_20260630T091701,4,T43SDR,2026-06-30,16.15
S2C_MSIL2A_20260704T042701_N0512_R133_T46RBN_20260704T071504,4,T46RBN,2026-07-04,29.86
S2C_MSIL2A_20260628T054641_N0512_R048_T43SBT_20260628T085710,4,T43SBT,2026-06-28,1.0
S2C_MSIL2A_20260602T052641_N0512_R105_T43RGN_20260602T102053,4,T43RGN,2026-06-02,1.2
S2B_MSIL2A_20260628T045659_N0512_R119_T44QPJ_20260628T084920,4,T44QPJ,2026-06-28,25.37
S2B_MSIL2A_20260805T055639_N0512_R091_T42RYU_20260805T080043,4,T42RYU,2026-08-05,6.68
S2A_MSIL2A_20260601T052241_N0512_R062_T43QGV_20260601T102012,4,T43QGV,2026-06-01,1.16
S2C_MSIL2A_20260821T052641_N0512_R105_T43PCT_20260821T102216,4,T43PCT,2026-08-21,28.31
S2A_MSIL2A_20260604T053241_N0512_R105_T43QCC_20260604T090112,4,T43QCC,2026-06-04,3.33
S2A_MSIL2A_20260714T053241_N0512_R105_T43RFM_20260714T102412,4,T43RFM,2026-07-14,26.52
S2C_MSIL2A_20260606T050651_N0512_R019_T44RNR_20260606T100718,4,T44RNR,2026-06-06,20.86
S2A_MSIL2A_20260603T060301_N0512_R091_T42RVR_20260603T092618,4,T42RVR,2026-06-03,0.19
S2A_MSIL2A_20260601T052241_N0512_R062_T43QFV_20260601T102012,3,T43QFV,2026-06-01,5.33
S2C_MSIL2A_20260821T052641_N0512_R105_T43RFM_20260821T102216,3,T43RFM,2026-08-21,5.81
S2A_MSIL2A_20260601T052241_N0512_R062_T43PER_20260601T102012,3,T43PER,2026-06-01,10.45
S2C_MSIL2A_20260819T050601_N0512_R076_T44NNM_20260819T091316,3,T44NNM,2026-08-19,17.62
S2C_MSIL2A_20260824T053641_N0512_R005_T43RCQ_20260824T102214,3,T43RCQ,2026-08-24,6.71
S2C_MSIL2A_20260824T053641_N0512_R005_T43RCK_20260824T102214,3,T43RCK,2026-08-24,25.5
S2C_MSIL2A_20260606T050651_N0512_R019_T44RMQ_20260606T100718,3,T44RMQ,2026-06-06,1.72
S2C_MSIL2A_20260606T050651_N0512_R019_T44RMP_20260606T100718,3,T44RMP,2026-06-06,2.3
S2C_MSIL2A_20260608T054641_N0512_R048_T43SBR_20260608T085208,3,T43SBR,2026-06-08,0.0
S2A_MSIL2A_20260604T053241_N0512_R105_T43QDE_20260604T090112,3,T43QDE,2026-06-04,28.32
S2B_MSIL2A_20260808T042659_N0512_R133_T46RBT_20260808T063748,3,T46RBT,2026-08-08,15.38
S2C_MSIL2A_20260616T050651_N0512_R019_T44RNN_20260616T100816,3,T44RNN,2026-06-16,0.27
S2B_MSIL2A_20260815T055629_N0512_R091_T42RYU_20260815T080227,3,T42RYU,2026-08-15,4.33
S2B_MSIL2A_20260814T050559_N0512_R076_T44PNQ_20260814T082724,3,T44PNQ,2026-08-14,16.91
S2C_MSIL2A_20260616T050651_N0512_R019_T44RPT_20260616T100816,3,T44RPT,2026-06-16,14.11
S2A_MSIL2A_20260603T060301_N0512_R091_T42RVN_20260603T103212,3,T42RVN,2026-06-03,0.65
S2A_MSIL2A_20260601T052241_N0512_R062_T43QHE_20260601T102012,3,T43QHE,2026-06-01,24.45
S2A_MSIL2A_20260607T054251_N0512_R005_T43RCJ_20260607T102857,3,T43RCJ,2026-06-07,0.09
S2A_MSIL2A_20260607T054251_N0512_R005_T43RCH_20260607T102857,3,T43RCH,2026-06-07,0.04
S2C_MSIL2A_20260602T052641_N0512_R105_T43QDB_20260602T102053,3,T43QDB,2026-06-02,0.52
S2C_MSIL2A_20260602T052641_N0512_R105_T43RGH_20260602T102053,3,T43RGH,2026-06-02,1.53
S2B_MSIL2A_20260603T054629_N0512_R048_T43SCS_20260603T080213,3,T43SCS,2026-06-03,0.01
S2C_MSIL2A_20260628T054641_N0512_R048_T42RYR_20260628T085710,3,T42RYR,2026-06-28,0.0
S2C_MSIL2A_20260705T053641_N0512_R005_T43RFQ_20260705T101824,3,T43RFQ,2026-07-05,25.4
S2C_MSIL2A_20260704T042701_N0512_R133_T45RYJ_20260704T071504,3,T45RYJ,2026-07-04,14.81
S2C_MSIL2A_20260701T055631_N0512_R091_T42SYB_20260701T090214,3,T42SYB,2026-07-01,2.93
S2C_MSIL2A_20260701T055631_N0512_R091_T42SXD_20260701T090214,3,T42SXD,2026-07-01,17.89
S2B_MSIL2A_20260630T053639_N0512_R005_T43SCR_20260630T091701,3,T43SCR,2026-06-30,0.68
S2B_MSIL2A_20260630T053639_N0512_R005_T43RDH_20260630T091701,3,T43RDH,2026-06-30,23.94
S2B_MSIL2A_20260630T053639_N0512_R005_T43RBL_20260630T091701,3,T43RBL,2026-06-30,0.0
S2C_MSIL2A_20260701T055631_N0512_R091_T42RVP_20260701T090214,3,T42RVP,2026-07-01,16.4
S2C_MSIL2A_20260630T050601_N0512_R076_T44NNN_20260630T091320,3,T44NNN,2026-06-30,10.58
S2A_MSIL2A_20260607T054251_N0512_R005_T43QBG_20260607T102857,3,T43QBG,2026-06-07,2.17
S2B_MSIL2A_20260610T053639_N0512_R005_T43QBG_20260610T091702,3,T43QBG,2026-06-10,21.01
S2B_MSIL2A_20260610T053639_N0512_R005_T42QYL_20260610T091702,3,T42QYL,2026-06-10,10.79
S2B_MSIL2A_20260609T060629_N0512_R134_T42SWF_20260609T081709,3,T42SWF,2026-06-09,8.99
S2A_MSIL2A_20260607T054251_N0512_R005_T42QYL_20260607T102857,3,T42QYL,2026-06-07,5.22
S2B_MSIL2A_20260627T052639_N0512_R105_T44RKU_20260627T091125,3,T44RKU,2026-06-27,25.53
S2B_MSIL2A_20260627T052639_N0512_R105_T43RGP_20260627T091125,3,T43RGP,2026-06-27,7.49
S2B_MSIL2A_20260627T052639_N0512_R105_T43RGM_20260627T091125,3,T43RGM,2026-06-27,0.51
S2C_MSIL2A_20260706T050651_N0512_R019_T43PHM_20260706T100613,3,T43PHM,2026-07-06,7.37
S2C_MSIL2A_20260629T051651_N0512_R062_T43RGL_20260629T101514,3,T43RGL,2026-06-29,20.71
S2C_MSIL2A_20260628T054641_N0512_R048_T43SDR_20260628T085710,3,T43SDR,2026-06-28,0.03
S2B_MSIL2A_20260603T054629_N0512_R048_T43SBT_20260603T080213,3,T43SBT,2026-06-03,0.06
S2C_MSIL2A_20260611T055631_N0512_R091_T42RXV_20260611T090908,3,T42RXV,2026-06-11,0.36
S2C_MSIL2A_20260611T055631_N0512_R091_T42RXU_20260611T090908,3,T42RXU,2026-06-11,0.09
S2A_MSIL2A_20260627T054251_N0512_R005_T42QYL_20260627T103225,3,T42QYL,2026-06-27,11.92
S2A_MSIL2A_20260627T054251_N0512_R005_T42QYK_20260627T103225,3,T42QYK,2026-06-27,7.4
S2A_MSIL2A_20260608T051241_N0512_R019_T44QPM_20260608T101613,3,T44QPM,2026-06-08,19.89
S2C_MSIL2A_20260626T050651_N0512_R019_T44RNS_20260626T100609,3,T44RNS,2026-06-26,18.71
S2A_MSIL2A_20260627T054251_N0512_R005_T43SDR_20260627T085509,3,T43SDR,2026-06-27,0.04
S2C_MSIL2A_20260602T052641_N0512_R105_T44RKU_20260602T102053,3,T44RKU,2026-06-02,28.83
S2B_MSIL2A_20260601T050649_N0512_R019_T44RNP_20260601T085256,3,T44RNP,2026-06-01,17.89
S2B_MSIL2A_20260601T050649_N0512_R019_T44RLP_20260601T085256,3,T44RLP,2026-06-01,15.43
S2B_MSIL2A_20260601T050649_N0512_R019_T44QNL_20260601T085256,3,T44QNL,2026-06-01,4.13
S2B_MSIL2A_20260603T054629_N0512_R048_T42QYK_20260603T080213,3,T42QYK,2026-06-03,16.5
S2C_MSIL2A_20260610T044701_N0512_R076_T44QQE_20260610T092313,3,T44QQE,2026-06-10,9.28
S2C_MSIL2A_20260612T052641_N0512_R105_T43QDC_20260612T102118,3,T43QDC,2026-06-12,19.33
S2C_MSIL2A_20260708T054641_N0512_R048_T42SYB_20260708T085213,3,T42SYB,2026-07-08,11.44
S2B_MSIL2A_20260625T044659_N0512_R076_T45RWH_20260625T083525,3,T45RWH,2026-06-25,11.38
S2C_MSIL2A_20260601T055631_N0512_R091_T42RVS_20260601T090514,3,T42RVS,2026-06-01,1.07
S2C_MSIL2A_20260602T052641_N0512_R105_T43QFG_20260602T102053,3,T43QFG,2026-06-02,18.47
S2C_MSIL2A_20260613T045701_N0512_R119_T45RTK_20260613T095409,3,T45RTK,2026-06-13,26.59
S2C_MSIL2A_20260625T053641_N0512_R005_T43RFQ_20260625T101830,3,T43RFQ,2026-06-25,4.24
S2A_MSIL2A_20260609T044231_N0512_R033_T45QXF_20260609T095116,3,T45QXF,2026-06-09,11.44
S2A_MSIL2A_20260608T051241_N0512_R019_T44RPQ_20260608T101613,3,T44RPQ,2026-06-08,24.8
S2B_MSIL2A_20260621T050649_N0512_R019_T44RNQ_20260621T085159,3,T44RNQ,2026-06-21,14.35
S2C_MSIL2A_20260708T054641_N0512_R048_T43SCU_20260708T085213,3,T43SCU,2026-07-08,25.3
S2B_MSIL2A_20260621T050649_N0512_R019_T44QNJ_20260621T085550,3,T44QNJ,2026-06-21,15.74
S2B_MSIL2A_20260610T053639_N0512_R005_T43SFS_20260610T091702,3,T43SFS,2026-06-10,15.47
S2B_MSIL2A_20260610T053639_N0512_R005_T43REN_20260610T091702,3,T43REN,2026-06-10,0.0
S2B_MSIL2A_20260607T052639_N0512_R105_T43QFG_20260607T091704,3,T43QFG,2026-06-07,12.02
S2B_MSIL2A_20260607T052639_N0512_R105_T43QEG_20260607T091704,3,T43QEG,2026-06-07,16.24
S2C_MSIL2A_20260613T045701_N0512_R119_T44QQG_20260613T095409,3,T44QQG,2026-06-13,20.91
S2C_MSIL2A_20260612T052641_N0512_R105_T43RFJ_20260612T102118,3,T43RFJ,2026-06-12,13.68
S2C_MSIL2A_20260601T055631_N0512_R091_T42RXV_20260601T090514,3,T42RXV,2026-06-01,0.28
S2C_MSIL2A_20260601T055631_N0512_R091_T42RXU_20260601T090514,3,T42RXU,2026-06-01,2.55
S2B_MSIL2A_20260822T054629_N0512_R048_T43SBT_20260822T075335,3,T43SBT,2026-08-22,17.22
S2A_MSIL2A_20260605T050231_N0512_R119_T44QNG_20260605T100518,3,T44QNG,2026-06-05,21.69
S2A_MSIL2A_20260628T051241_N0512_R019_T43PHQ_20260628T101512,3,T43PHQ,2026-06-28,18.52
S2C_MSIL2A_20260605T053641_N0512_R005_T43QCF_20260605T101858,3,T43QCF,2026-06-05,19.15
S2C_MSIL2A_20260609T051651_N0512_R062_T44RKR_20260609T101613,3,T44RKR,2026-06-09,1.34
S2C_MSIL2A_20260611T055631_N0512_R091_T42RWU_20260611T090908,3,T42RWU,2026-06-11,0.0
S2B_MSIL2A_20260620T053639_N0512_R005_T43REN_20260620T091923,3,T43REN,2026-06-20,5.69
S2B_MSIL2A_20260620T053639_N0512_R005_T43RCJ_20260620T091923,3,T43RCJ,2026-06-20,16.76
S2C_MSIL2A_20260622T052641_N0512_R105_T44RKT_20260622T102411,3,T44RKT,2026-06-22,9.91
S2B_MSIL2A_20260711T050649_N0512_R019_T44PLB_20260711T085428,3,T44PLB,2026-07-11,27.35
S2C_MSIL2A_20260622T052641_N0512_R105_T43RGN_20260622T102411,3,T43RGN,2026-06-22,23.93
S2A_MSIL2A_20260620T055251_N0512_R048_T43SBU_20260620T105812,3,T43SBU,2026-06-20,13.29
S2C_MSIL2A_20260622T052641_N0512_R105_T43QDG_20260622T102411,3,T43QDG,2026-06-22,26.3
S2B_MSIL2A_20260607T052639_N0512_R105_T43RGH_20260607T091704,3,T43RGH,2026-06-07,8.58
S2B_MSIL2A_20260714T051649_N0512_R062_T44RLR_20260714T090106,3,T44RLR,2026-07-14,28.94
S2B_MSIL2A_20260606T055629_N0512_R091_T42SYD_20260606T080833,3,T42SYD,2026-06-06,8.61
S2C_MSIL2A_20260606T050651_N0512_R019_T43PGT_20260606T100020,3,T43PGT,2026-06-06,21.33
S2C_MSIL2A_20260605T053641_N0512_R005_T43RCJ_20260605T101858,3,T43RCJ,2026-06-05,0.07
S2C_MSIL2A_20260609T051651_N0512_R062_T44RMT_20260609T101613,3,T44RMT,2026-06-09,5.19
S2C_MSIL2A_20260609T051651_N0512_R062_T44RMS_20260609T101613,3,T44RMS,2026-06-09,0.05
S2A_MSIL2A_20260628T051241_N0512_R019_T43PHR_20260628T101512,3,T43PHR,2026-06-28,9.23
S2C_MSIL2A_20260712T052651_N0512_R105_T43RGM_20260712T104114,3,T43RGM,2026-07-12,0.1
S2B_MSIL2A_20260618T045659_N0512_R119_T45RUL_20260618T084549,3,T45RUL,2026-06-18,29.86
S2C_MSIL2A_20260606T050651_N0512_R019_T44PKU_20260606T100020,3,T44PKU,2026-06-06,17.98
S2C_MSIL2A_20260715T053641_N0512_R005_T43RDQ_20260715T101509,3,T43RDQ,2026-07-15,20.14
S2B_MSIL2A_20260617T052649_N0512_R105_T43RDJ_20260617T104156,3,T43RDJ,2026-06-17,0.12
S2B_MSIL2A_20260617T052649_N0512_R105_T43QEV_20260617T104156,3,T43QEV,2026-06-17,18.65
S2B_MSIL2A_20260618T045659_N0512_R119_T45RTL_20260618T084549,3,T45RTL,2026-06-18,14.12
S2B_MSIL2A_20260618T045659_N0512_R119_T44RQR_20260618T084549,3,T44RQR,2026-06-18,16.08
S2B_MSIL2A_20260620T053639_N0512_R005_T42QZK_20260620T091923,3,T42QZK,2026-06-20,27.54
S2B_MSIL2A_20260606T055629_N0512_R091_T42RWR_20260606T080123,3,T42RWR,2026-06-06,0.04
S2C_MSIL2A_20260621T055631_N0512_R091_T42RVN_20260621T085315,3,T42RVN,2026-06-21,22.11
S2A_MSIL2A_20260625T050241_N0512_R119_T44RPR_20260625T100609,3,T44RPR,2026-06-25,16.75
S2C_MSIL2A_20260619T051651_N0512_R062_T44QKK_20260619T101809,3,T44QKK,2026-06-19,4.03
S2B_MSIL2A_20260716T055639_N0512_R091_T43SBU_20260716T080726,3,T43SBU,2026-07-16,14.83
S2C_MSIL2A_20260619T051651_N0512_R062_T43QFC_20260619T101809,3,T43QFC,2026-06-19,7.41
S2C_MSIL2A_20260620T044701_N0512_R076_T45QUF_20260620T091811,3,T45QUF,2026-06-20,19.97
S2A_MSIL2A_20260621T052241_N0512_R062_T43QFV_20260621T101812,3,T43QFV,2026-06-21,14.49
S2B_MSIL2A_20260617T052649_N0512_R105_T43RGN_20260617T104156,3,T43RGN,2026-06-17,0.0
S2C_MSIL2A_20260608T054641_N0512_R048_T43SBU_20260608T085208,3,T43SBU,2026-06-08,0.38
S2A_MSIL2A_20260628T051241_N0512_R019_T44PMC_20260628T101512,3,T44PMC,2026-06-28,10.23
S2B_MSIL2A_20260601T050649_N0512_R019_T43PHQ_20260601T085146,3,T43PHQ,2026-06-01,20.42
S2A_MSIL2A_20260816T054251_N0512_R005_T43REQ_20260816T103351,3,T43REQ,2026-08-16,11.0
S2A_MSIL2A_20260625T050241_N0512_R119_T44PLT_20260625T100609,3,T44PLT,2026-06-25,0.39
S2A_MSIL2A_20260625T050241_N0512_R119_T44PLQ_20260625T100609,3,T44PLQ,2026-06-25,11.09
S2C_MSIL2A_20260615T053641_N0512_R005_T43RDK_20260615T102024,3,T43RDK,2026-06-15,0.44
S2B_MSIL2A_20260604T051649_N0512_R062_T44RMR_20260604T090048,3,T44RMR,2026-06-04,10.21
S2B_MSIL2A_20260825T055629_N0512_R091_T42RWS_20260825T080255,3,T42RWS,2026-08-25,1.64
S2B_MSIL2A_20260812T040539_N0512_R047_T47RLQ_20260812T061838,3,T47RLQ,2026-08-12,26.75
S2B_MSIL2A_20260822T054629_N0512_R048_T42RYT_20260822T075335,3,T42RYT,2026-08-22,0.07
S2A_MSIL2A_20260621T052241_N0512_R062_T44RLQ_20260621T101812,3,T44RLQ,2026-06-21,26.32
S2C_MSIL2A_20260618T054641_N0512_R048_T43SDR_20260618T085419,3,T43SDR,2026-06-18,19.98
S2B_MSIL2A_20260605T050559_N0512_R076_T44NNN_20260605T083053,3,T44NNN,2026-06-05,18.79
S2C_MSIL2A_20260608T054641_N0512_R048_T43SDT_20260608T085208,3,T43SDT,2026-06-08,4.75
S2A_MSIL2A_20260713T060301_N0512_R091_T42RVR_20260713T092308,3,T42RVR,2026-07-13,4.17
S2A_MSIL2A_20260710T055251_N0512_R048_T43SCS_20260710T104116,3,T43SCS,2026-07-10,5.7
S2C_MSIL2A_20260606T050651_N0512_R019_T43QGU_20260606T100020,3,T43QGU,2026-06-06,2.53
S2A_MSIL2A_20260710T055251_N0512_R048_T42RYU_20260710T104116,3,T42RYU,2026-07-10,0.56
S2C_MSIL2A_20260718T054641_N0512_R048_T42RYU_20260718T085552,3,T42RYU,2026-07-18,3.61
S2C_MSIL2A_20260718T054641_N0512_R048_T42RXR_20260718T085552,3,T42RXR,2026-07-18,11.94
S2C_MSIL2A_20260728T054641_N0512_R048_T42RYT_20260728T085814,3,T42RYT,2026-07-28,0.05
S2C_MSIL2A_20260806T043701_N0512_R033_T45RXN_20260806T094611,3,T45RXN,2026-08-06,28.28
S2B_MSIL2A_20260605T044659_N0512_R076_T45RUL_20260605T083347,3,T45RUL,2026-06-05,24.74
S2B_MSIL2A_20260605T044659_N0512_R076_T45QTB_20260605T082808,3,T45QTB,2026-06-05,5.0
S2B_MSIL2A_20260605T044659_N0512_R076_T44QRG_20260605T082808,3,T44QRG,2026-06-05,3.08
S2B_MSIL2A_20260604T051649_N0512_R062_T44RMS_20260604T090048,3,T44RMS,2026-06-04,5.7
S2C_MSIL2A_20260616T050651_N0512_R019_T44RMP_20260616T100816,3,T44RMP,2026-06-16,0.0
S2C_MSIL2A_20260616T050651_N0512_R019_T44QNK_20260616T100816,3,T44QNK,2026-06-16,2.33
S2A_MSIL2A_20260603T060301_N0512_R091_T43SBU_20260603T092618,3,T43SBU,2026-06-03,14.85
S2A_MSIL2A_20260603T060301_N0512_R091_T42SYB_20260603T092618,3,T42SYB,2026-06-03,0.26
S2A_MSIL2A_20260603T060301_N0512_R091_T42RWR_20260603T092618,3,T42RWR,2026-06-03,0.06
S2C_MSIL2A_20260807T054641_N0512_R048_T43RBN_20260807T085410,3,T43RBN,2026-08-07,16.29
S2B_MSIL2A_20260617T052649_N0512_R105_T43QEB_20260617T104156,3,T43QEB,2026-06-17,27.36
S2C_MSIL2A_20260810T055631_N0512_R091_T42RVP_20260810T090514,3,T42RVP,2026-08-10,9.07
S2A_MSIL2A_20260604T053241_N0512_R105_T43QDV_20260604T090112,3,T43QDV,2026-06-04,25.09
S2C_MSIL2A_20260608T054641_N0512_R048_T43RBQ_20260608T085208,3,T43RBQ,2026-06-08,0.01
S2A_MSIL2A_20260625T050241_N0512_R119_T44PKT_20260625T100609,3,T44PKT,2026-06-25,1.39
S2A_MSIL2A_20260625T050241_N0512_R119_T44PKR_20260625T100609,3,T44PKR,2026-06-25,0.14
S2A_MSIL2A_20260624T053241_N0512_R105_T43REH_20260624T102111,3,T43REH,2026-06-24,9.35
S2B_MSIL2A_20260718T045659_N0512_R119_T44PLR_20260718T085636,3,T44PLR,2026-07-18,26.68
S2B_MSIL2A_20260731T050649_N0512_R019_T44PKS_20260731T085614,3,T44PKS,2026-07-31,12.93
S2B_MSIL2A_20260731T050649_N0512_R019_T43PHM_20260731T085614,3,T43PHM,2026-07-31,15.96
S2B_MSIL2A_20260730T053639_N0512_R005_T43RBJ_20260730T091623,3,T43RBJ,2026-07-30,13.76
S2B_MSIL2A_20260606T055629_N0512_R091_T42RVP_20260606T080123,3,T42RVP,2026-06-06,0.11
S2A_MSIL2A_20260623T060301_N0512_R091_T42SYC_20260623T092418,3,T42SYC,2026-06-23,1.33
S2A_MSIL2A_20260623T060301_N0512_R091_T42SXB_20260623T092418,3,T42SXB,2026-06-23,1.3
S2A_MSIL2A_20260601T052241_N0512_R062_T43QGU_20260601T102012,3,T43QGU,2026-06-01,10.94
S2A_MSIL2A_20260601T052241_N0512_R062_T43QGB_20260601T102012,3,T43QGB,2026-06-01,10.7
S2C_MSIL2A_20260827T054631_N0512_R048_T43SDR_20260827T085311,3,T43SDR,2026-08-27,4.36
S2C_MSIL2A_20260817T054631_N0512_R048_T42RYU_20260817T085418,3,T42RYU,2026-08-17,10.13
S2C_MSIL2A_20260817T054631_N0512_R048_T43RBQ_20260817T085418,3,T43RBQ,2026-08-17,8.13
S2C_MSIL2A_20260827T054631_N0512_R048_T43RCP_20260827T085311,3,T43RCP,2026-08-27,26.77
S2C_MSIL2A_20260807T054641_N0512_R048_T42RYU_20260807T085410,3,T42RYU,2026-08-07,10.57
S2A_MSIL2A_20260601T052241_N0512_R062_T43QFU_20260601T102012,3,T43QFU,2026-06-01,0.77
S2A_MSIL2A_20260601T052241_N0512_R062_T43QFA_20260601T102012,3,T43QFA,2026-06-01,3.98
S2C_MSIL2A_20260814T053641_N0512_R005_T43RCQ_20260814T085710,3,T43RCQ,2026-08-14,20.46
S2A_MSIL2A_20260601T052241_N0512_R062_T43QFC_20260601T102012,3,T43QFC,2026-06-01,6.35
S2C_MSIL2A_20260827T054631_N0512_R048_T43SCT_20260827T085311,2,T43SCT,2026-08-27,15.83
S2C_MSIL2A_20260827T054631_N0512_R048_T43SCU_20260827T085311,2,T43SCU,2026-08-27,21.49
S2C_MSIL2A_20260810T055631_N0512_R091_T42RVR_20260810T090514,2,T42RVR,2026-08-10,17.81
S2C_MSIL2A_20260810T055631_N0512_R091_T42RWS_20260810T090514,2,T42RWS,2026-08-10,13.67
S2B_MSIL2A_20260614T051649_N0512_R062_T44RLP_20260614T091016,2,T44RLP,2026-06-14,1.31
S2B_MSIL2A_20260614T051649_N0512_R062_T44RLQ_20260614T091016,2,T44RLQ,2026-06-14,0.01
S2B_MSIL2A_20260614T051649_N0512_R062_T44RLT_20260614T091016,2,T44RLT,2026-06-14,7.0
S2B_MSIL2A_20260614T051649_N0512_R062_T44RMP_20260614T091016,2,T44RMP,2026-06-14,0.03
S2B_MSIL2A_20260615T044659_N0512_R076_T44QQE_20260615T083228,2,T44QQE,2026-06-15,13.2
S2B_MSIL2A_20260615T044659_N0512_R076_T44QQH_20260615T083228,2,T44QQH,2026-06-15,9.12
S2C_MSIL2A_20260812T045701_N0512_R119_T44RQP_20260812T100317,2,T44RQP,2026-08-12,10.18
S2C_MSIL2A_20260827T054631_N0512_R048_T43RBN_20260827T085311,2,T43RBN,2026-08-27,17.65
S2C_MSIL2A_20260827T054631_N0512_R048_T43RBQ_20260827T085311,2,T43RBQ,2026-08-27,0.24
S2C_MSIL2A_20260817T054631_N0512_R048_T43SCV_20260817T085418,2,T43SCV,2026-08-17,5.79
S2C_MSIL2A_20260819T050601_N0512_R076_T44NMM_20260819T091316,2,T44NMM,2026-08-19,19.28
S2A_MSIL2A_20260601T052241_N0512_R062_T43QGC_20260601T102012,2,T43QGC,2026-06-01,9.15
S2A_MSIL2A_20260601T052241_N0512_R062_T43QGG_20260601T102012,2,T43QGG,2026-06-01,17.45
S2C_MSIL2A_20260616T050651_N0512_R019_T44RPN_20260616T100816,2,T44RPN,2026-06-16,1.4
S2C_MSIL2A_20260616T050651_N0512_R019_T44RPQ_20260616T100816,2,T44RPQ,2026-06-16,0.7
S2C_MSIL2A_20260618T054641_N0512_R048_T42RYR_20260618T085419,2,T42RYR,2026-06-18,0.0
S2A_MSIL2A_20260625T050241_N0512_R119_T44RQP_20260625T100609,2,T44RQP,2026-06-25,15.69
S2A_MSIL2A_20260625T050241_N0512_R119_T44RQR_20260625T100609,2,T44RQR,2026-06-25,17.64
S2C_MSIL2A_20260615T053641_N0512_R005_T43SCR_20260615T102024,2,T43SCR,2026-06-15,9.62
S2B_MSIL2A_20260815T055629_N0512_R091_T42RVR_20260815T080227,2,T42RVR,2026-08-15,13.18
S2B_MSIL2A_20260805T055639_N0512_R091_T42RXS_20260805T080043,2,T42RXS,2026-08-05,4.94
S2C_MSIL2A_20260616T050651_N0512_R019_T43QHA_20260616T100816,2,T43QHA,2026-06-16,0.5
S2C_MSIL2A_20260616T050651_N0512_R019_T43QHV_20260616T100816,2,T43QHV,2026-06-16,0.97
S2B_MSIL2A_20260808T060629_N0512_R134_T42RVS_20260808T080736,2,T42RVS,2026-08-08,1.47
S2B_MSIL2A_20260810T050649_N0512_R019_T44QLF_20260810T085257,2,T44QLF,2026-08-10,2.16
S2B_MSIL2A_20260811T043659_N0512_R033_T45RYL_20260811T082821,2,T45RYL,2026-08-11,18.47
S2B_MSIL2A_20260606T041549_N0512_R090_T46RFQ_20260606T063004,2,T46RFQ,2026-06-06,20.88
S2C_MSIL2A_20260616T050651_N0512_R019_T44RNQ_20260616T100816,2,T44RNQ,2026-06-16,0.35
S2C_MSIL2A_20260616T050651_N0512_R019_T44RNR_20260616T100816,2,T44RNR,2026-06-16,0.41
S2C_MSIL2A_20260616T050651_N0512_R019_T44RNS_20260616T100816,2,T44RNS,2026-06-16,3.21
S2B_MSIL2A_20260802T054639_N0512_R048_T43SCS_20260802T092457,2,T43SCS,2026-08-02,25.89
S2C_MSIL2A_20260616T050651_N0512_R019_T44PKV_20260616T100816,2,T44PKV,2026-06-16,17.61
S2C_MSIL2A_20260616T050651_N0512_R019_T44QMK_20260616T100816,2,T44QMK,2026-06-16,0.88
S2C_MSIL2A_20260616T050651_N0512_R019_T44QML_20260616T100816,2,T44QML,2026-06-16,3.07
S2C_MSIL2A_20260616T050651_N0512_R019_T44QNM_20260616T100816,2,T44QNM,2026-06-16,0.35
S2C_MSIL2A_20260613T045701_N0512_R119_T45RUJ_20260613T095409,2,T45RUJ,2026-06-13,4.55
S2B_MSIL2A_20260605T044659_N0512_R076_T44QRF_20260605T082808,2,T44QRF,2026-06-05,9.6
S2B_MSIL2A_20260605T044659_N0512_R076_T45QTC_20260605T082808,2,T45QTC,2026-06-05,4.23
S2C_MSIL2A_20260618T054641_N0512_R048_T43SBT_20260618T085419,2,T43SBT,2026-06-18,5.24
S2B_MSIL2A_20260605T050559_N0512_R076_T44NNP_20260605T083053,2,T44NNP,2026-06-05,11.32
S2B_MSIL2A_20260606T041549_N0512_R090_T46REN_20260606T063004,2,T46REN,2026-06-06,28.59
S2B_MSIL2A_20260606T041549_N0512_R090_T46REQ_20260606T063004,2,T46REQ,2026-06-06,29.03
S2A_MSIL2A_20260623T060301_N0512_R091_T42RVP_20260623T103006,2,T42RVP,2026-06-23,0.58
S2A_MSIL2A_20260623T060301_N0512_R091_T42RWN_20260623T103006,2,T42RWN,2026-06-23,23.56
S2B_MSIL2A_20260825T055629_N0512_R091_T42RVR_20260825T080255,2,T42RVR,2026-08-25,1.57
S2B_MSIL2A_20260825T055629_N0512_R091_T42RYU_20260825T080255,2,T42RYU,2026-08-25,0.06
S2B_MSIL2A_20260825T055629_N0512_R091_T42RYV_20260825T080255,2,T42RYV,2026-08-25,0.03
S2B_MSIL2A_20260825T055629_N0512_R091_T42SYC_20260825T080255,2,T42SYC,2026-08-25,3.33
S2A_MSIL2A_20260625T050241_N0512_R119_T44PLR_20260625T100609,2,T44PLR,2026-06-25,2.81
S2A_MSIL2A_20260625T050241_N0512_R119_T44PLV_20260625T100609,2,T44PLV,2026-06-25,15.26
S2C_MSIL2A_20260619T051651_N0512_R062_T43QFE_20260619T101809,2,T43QFE,2026-06-19,26.33
S2C_MSIL2A_20260619T051651_N0512_R062_T43QGC_20260619T101809,2,T43QGC,2026-06-19,9.21
S2B_MSIL2A_20260716T055639_N0512_R091_T42RXR_20260716T075902,2,T42RXR,2026-07-16,0.11
S2B_MSIL2A_20260716T055639_N0512_R091_T42RXT_20260716T075902,2,T42RXT,2026-07-16,1.66
S2C_MSIL2A_20260619T051651_N0512_R062_T43QGD_20260619T101809,2,T43QGD,2026-06-19,19.12
S2C_MSIL2A_20260619T051651_N0512_R062_T44RKN_20260619T101809,2,T44RKN,2026-06-19,26.16
S2C_MSIL2A_20260619T051651_N0512_R062_T44RKT_20260619T101809,2,T44RKT,2026-06-19,1.94
S2A_MSIL2A_20260625T050241_N0512_R119_T44PMA_20260625T100609,2,T44PMA,2026-06-25,5.18
S2A_MSIL2A_20260625T050241_N0512_R119_T44RQN_20260625T100609,2,T44RQN,2026-06-25,10.35
S2C_MSIL2A_20260612T052641_N0512_R105_T43RDH_20260612T102118,2,T43RDH,2026-06-12,2.94
S2C_MSIL2A_20260612T052641_N0512_R105_T43REH_20260612T102118,2,T43REH,2026-06-12,9.76
S2C_MSIL2A_20260612T052641_N0512_R105_T43RFH_20260612T102118,2,T43RFH,2026-06-12,22.29
S2B_MSIL2A_20260827T045659_N0512_R119_T44PLS_20260827T084453,2,T44PLS,2026-08-27,27.9
S2B_MSIL2A_20260604T051649_N0512_R062_T44RKQ_20260604T090048,2,T44RKQ,2026-06-04,3.5
S2B_MSIL2A_20260604T051649_N0512_R062_T44RKR_20260604T090048,2,T44RKR,2026-06-04,0.03
S2B_MSIL2A_20260827T045659_N0512_R119_T44PMU_20260827T084453,2,T44PMU,2026-08-27,19.31
S2B_MSIL2A_20260828T060629_N0512_R134_T42SVE_20260828T081320,2,T42SVE,2026-08-28,0.0
S2B_MSIL2A_20260606T055629_N0512_R091_T42RXV_20260606T080123,2,T42RXV,2026-06-06,1.01
S2B_MSIL2A_20260606T055629_N0512_R091_T42SYA_20260606T080123,2,T42SYA,2026-06-06,0.49
S2B_MSIL2A_20260607T052639_N0512_R105_T43RFM_20260607T091704,2,T43RFM,2026-06-07,0.01
S2C_MSIL2A_20260621T055631_N0512_R091_T42RXU_20260621T085315,2,T42RXU,2026-06-21,0.07
S2C_MSIL2A_20260619T051651_N0512_R062_T44RMT_20260619T101809,2,T44RMT,2026-06-19,19.99
S2A_MSIL2A_20260620T055251_N0512_R048_T43SDR_20260620T105812,2,T43SDR,2026-06-20,19.84
S2C_MSIL2A_20260622T052641_N0512_R105_T43RFJ_20260622T102411,2,T43RFJ,2026-06-22,5.58
S2B_MSIL2A_20260710T053639_N0512_R005_T43RDJ_20260710T091511,2,T43RDJ,2026-07-10,11.24
S2B_MSIL2A_20260710T053639_N0512_R005_T43SET_20260710T091511,2,T43SET,2026-07-10,26.45
S2B_MSIL2A_20260711T050649_N0512_R019_T44PLA_20260711T085428,2,T44PLA,2026-07-11,25.99
S2C_MSIL2A_20260623T045701_N0512_R119_T44PKT_20260623T093859,2,T44PKT,2026-06-23,21.45
S2C_MSIL2A_20260623T045701_N0512_R119_T44PLT_20260623T093859,2,T44PLT,2026-06-23,27.57
S2C_MSIL2A_20260624T042701_N0512_R133_T46RCT_20260624T072410,2,T46RCT,2026-06-24,4.26
S2B_MSIL2A_20260822T054629_N0512_R048_T43RBQ_20260822T075335,2,T43RBQ,2026-08-22,1.51
S2B_MSIL2A_20260825T055629_N0512_R091_T42RVP_20260825T080255,2,T42RVP,2026-08-25,1.02
S2B_MSIL2A_20260604T051649_N0512_R062_T43QHC_20260604T090048,2,T43QHC,2026-06-04,10.7
S2C_MSIL2A_20260613T045701_N0512_R119_T44QNG_20260613T095409,2,T44QNG,2026-06-13,24.66
S2C_MSIL2A_20260613T045701_N0512_R119_T44QPH_20260613T095409,2,T44QPH,2026-06-13,11.21
S2C_MSIL2A_20260613T045701_N0512_R119_T44QQH_20260613T095409,2,T44QQH,2026-06-13,12.99
S2B_MSIL2A_20260607T052639_N0512_R105_T43QEB_20260607T091704,2,T43QEB,2026-06-07,4.18
S2B_MSIL2A_20260703T054639_N0512_R048_T43SBT_20260703T075529,2,T43SBT,2026-07-03,19.7
S2A_MSIL2A_20260608T051241_N0512_R019_T44RPR_20260608T101613,2,T44RPR,2026-06-08,16.17
S2A_MSIL2A_20260612T045231_N0512_R076_T45RVH_20260612T095610,2,T45RVH,2026-06-12,15.95
S2C_MSIL2A_20260602T052641_N0512_R105_T43QFF_20260602T102053,2,T43QFF,2026-06-02,18.76
S2C_MSIL2A_20260602T052641_N0512_R105_T43QGG_20260602T102053,2,T43QGG,2026-06-02,15.76
S2C_MSIL2A_20260602T052641_N0512_R105_T43REJ_20260602T102053,2,T43REJ,2026-06-02,0.03
S2C_MSIL2A_20260602T052641_N0512_R105_T43RFH_20260602T102053,2,T43RFH,2026-06-02,0.01
S2A_MSIL2A_20260625T050241_N0512_R119_T45RTH_20260625T100609,2,T45RTH,2026-06-25,0.03
S2A_MSIL2A_20260625T050241_N0512_R119_T45RUJ_20260625T100609,2,T45RUJ,2026-06-25,0.32
S2B_MSIL2A_20260706T041549_N0512_R090_T46RGR_20260706T063050,2,T46RGR,2026-07-06,9.98
S2B_MSIL2A_20260706T055629_N0512_R091_T42RVS_20260706T075948,2,T42RVS,2026-07-06,26.49
S2B_MSIL2A_20260706T055629_N0512_R091_T42RWR_20260706T075948,2,T42RWR,2026-07-06,22.2
S2B_MSIL2A_20260706T055629_N0512_R091_T42RXU_20260706T075948,2,T42RXU,2026-07-06,3.19
S2B_MSIL2A_20260706T055629_N0512_R091_T42SXB_20260706T075948,2,T42SXB,2026-07-06,12.1
S2C_MSIL2A_20260628T054641_N0512_R048_T42QYL_20260628T085710,2,T42QYL,2026-06-28,17.7
S2A_MSIL2A_20260607T054251_N0512_R005_T43REP_20260607T102857,2,T43REP,2026-06-07,0.0
S2A_MSIL2A_20260607T054251_N0512_R005_T43SDT_20260607T085916,2,T43SDT,2026-06-07,28.21
S2A_MSIL2A_20260608T051241_N0512_R019_T44QML_20260608T101613,2,T44QML,2026-06-08,28.71
S2A_MSIL2A_20260608T051241_N0512_R019_T44RMR_20260608T101613,2,T44RMR,2026-06-08,23.16
S2A_MSIL2A_20260608T051241_N0512_R019_T44RMT_20260608T101613,2,T44RMT,2026-06-08,14.84
S2A_MSIL2A_20260608T051241_N0512_R019_T44RPN_20260608T101613,2,T44RPN,2026-06-08,12.52
S2A_MSIL2A_20260627T054251_N0512_R005_T42QYJ_20260627T103225,2,T42QYJ,2026-06-27,7.7
S2A_MSIL2A_20260627T054251_N0512_R005_T42QZK_20260627T103225,2,T42QZK,2026-06-27,24.42
S2C_MSIL2A_20260611T055631_N0512_R091_T42RXT_20260611T090908,2,T42RXT,2026-06-11,0.19
S2C_MSIL2A_20260611T055631_N0512_R091_T42SXA_20260611T090908,2,T42SXA,2026-06-11,0.26
S2B_MSIL2A_20260603T054629_N0512_R048_T43RBJ_20260603T080213,2,T43RBJ,2026-06-03,0.0
S2B_MSIL2A_20260603T054629_N0512_R048_T43SBR_20260603T080213,2,T43SBR,2026-06-03,0.07
S2B_MSIL2A_20260603T054629_N0512_R048_T43SBS_20260603T080213,2,T43SBS,2026-06-03,0.03
S2C_MSIL2A_20260628T054641_N0512_R048_T43SCR_20260628T085710,2,T43SCR,2026-06-28,0.03
S2C_MSIL2A_20260628T054641_N0512_R048_T43SDS_20260628T085710,2,T43SDS,2026-06-28,9.14
S2C_MSIL2A_20260626T050651_N0512_R019_T44RMR_20260626T100609,2,T44RMR,2026-06-26,10.01
S2C_MSIL2A_20260626T050651_N0512_R019_T44RNN_20260626T100609,2,T44RNN,2026-06-26,17.05
S2B_MSIL2A_20260703T054639_N0512_R048_T42RYN_20260703T075529,2,T42RYN,2026-07-03,25.92
S2B_MSIL2A_20260608T045659_N0512_R119_T44PLQ_20260608T084805,2,T44PLQ,2026-06-08,8.61
S2B_MSIL2A_20260628T045659_N0512_R119_T44PKS_20260628T084920,2,T44PKS,2026-06-28,13.11
S2B_MSIL2A_20260628T045659_N0512_R119_T44PMA_20260628T084920,2,T44PMA,2026-06-28,26.75
S2B_MSIL2A_20260703T054639_N0512_R048_T43SDS_20260703T075529,2,T43SDS,2026-07-03,14.32
S2B_MSIL2A_20260626T055629_N0512_R091_T42RXT_20260626T080048,2,T42RXT,2026-06-26,0.13
S2A_MSIL2A_20260608T051241_N0512_R019_T44RMS_20260608T101613,2,T44RMS,2026-06-08,0.18
S2C_MSIL2A_20260628T054641_N0512_R048_T42RXR_20260628T085710,2,T42RXR,2026-06-28,0.0
S2C_MSIL2A_20260628T054641_N0512_R048_T43RBL_20260628T085710,2,T43RBL,2026-06-28,0.0
S2C_MSIL2A_20260602T052641_N0512_R105_T43RGM_20260602T102053,2,T43RGM,2026-06-02,26.37
S2C_MSIL2A_20260603T045701_N0512_R119_T44PKR_20260603T100112,2,T44PKR,2026-06-03,11.81
S2B_MSIL2A_20260603T054629_N0512_R048_T42QWK_20260603T080213,2,T42QWK,2026-06-03,0.25
S2B_MSIL2A_20260603T054629_N0512_R048_T42QYM_20260603T080213,2,T42QYM,2026-06-03,1.82
S2A_MSIL2A_20260607T054251_N0512_R005_T43QCG_20260607T102857,2,T43QCG,2026-06-07,4.01
S2C_MSIL2A_20260701T055631_N0512_R091_T42RWR_20260701T090214,2,T42RWR,2026-07-01,8.14
S2B_MSIL2A_20260627T052639_N0512_R105_T43QEF_20260627T091125,2,T43QEF,2026-06-27,9.99
S2B_MSIL2A_20260627T052639_N0512_R105_T43REJ_20260627T091125,2,T43REJ,2026-06-27,7.66
S2B_MSIL2A_20260627T052639_N0512_R105_T43SFR_20260627T091125,2,T43SFR,2026-06-27,24.16
S2B_MSIL2A_20260626T055629_N0512_R091_T42RWP_20260626T080048,2,T42RWP,2026-06-26,14.43
S2A_MSIL2A_20260605T050231_N0512_R119_T44QQL_20260605T100518,2,T44QQL,2026-06-05,28.89
S2A_MSIL2A_20260605T050231_N0512_R119_T45RTJ_20260605T100518,2,T45RTJ,2026-06-05,12.86
S2B_MSIL2A_20260610T053639_N0512_R005_T42QYM_20260610T091702,2,T42QYM,2026-06-10,6.49
S2B_MSIL2A_20260610T053639_N0512_R005_T43RDJ_20260610T091702,2,T43RDJ,2026-06-10,0.35
S2B_MSIL2A_20260610T053639_N0512_R005_T43RDN_20260610T091702,2,T43RDN,2026-06-10,0.07
S2B_MSIL2A_20260624T051649_N0512_R062_T44QLM_20260624T090105,2,T44QLM,2026-06-24,17.94
S2B_MSIL2A_20260624T051649_N0512_R062_T44RLP_20260624T090105,2,T44RLP,2026-06-24,2.62
S2A_MSIL2A_20260607T054251_N0512_R005_T42QZL_20260607T102857,2,T42QZL,2026-06-07,3.89
S2A_MSIL2A_20260607T054251_N0512_R005_T43QCF_20260607T102857,2,T43QCF,2026-06-07,22.54
S2C_MSIL2A_20260602T052641_N0512_R105_T44RKT_20260602T102053,2,T44RKT,2026-06-02,0.95
S2A_MSIL2A_20260627T054251_N0512_R005_T43SCR_20260627T085509,2,T43SCR,2026-06-27,0.29
S2C_MSIL2A_20260611T055631_N0512_R091_T42SYE_20260611T090908,2,T42SYE,2026-06-11,8.19
S2B_MSIL2A_20260624T051649_N0512_R062_T44RMP_20260624T090105,2,T44RMP,2026-06-24,0.98
S2B_MSIL2A_20260624T051649_N0512_R062_T44SNF_20260624T090105,2,T44SNF,2026-06-24,10.33
S2B_MSIL2A_20260623T054639_N0512_R048_T43SBS_20260623T075208,2,T43SBS,2026-06-23,5.73
S2C_MSIL2A_20260708T054641_N0512_R048_T42RWN_20260708T085213,2,T42RWN,2026-07-08,12.66
S2A_MSIL2A_20260605T050231_N0512_R119_T44QPL_20260605T100518,2,T44QPL,2026-06-05,1.23
S2C_MSIL2A_20260603T045701_N0512_R119_T44RQN_20260603T100112,2,T44RQN,2026-06-03,4.66
S2B_MSIL2A_20260601T050649_N0512_R019_T43QHB_20260601T085256,2,T43QHB,2026-06-01,2.57
S2B_MSIL2A_20260601T050649_N0512_R019_T43QHV_20260601T085256,2,T43QHV,2026-06-01,9.11
S2B_MSIL2A_20260601T050649_N0512_R019_T44QKJ_20260601T085256,2,T44QKJ,2026-06-01,1.25
S2C_MSIL2A_20260603T045701_N0512_R119_T45RTJ_20260603T100112,2,T45RTJ,2026-06-03,0.02
S2C_MSIL2A_20260603T045701_N0512_R119_T44PMC_20260603T100112,2,T44PMC,2026-06-03,7.5
S2C_MSIL2A_20260603T045701_N0512_R119_T44PMR_20260603T100112,2,T44PMR,2026-06-03,20.39
S2C_MSIL2A_20260610T044701_N0512_R076_T45QTA_20260610T092313,2,T45QTA,2026-06-10,10.71
S2C_MSIL2A_20260610T044701_N0512_R076_T45RVJ_20260610T092313,2,T45RVJ,2026-06-10,16.12
S2C_MSIL2A_20260611T055631_N0512_R091_T42RVQ_20260611T090908,2,T42RVQ,2026-06-11,0.07
S2B_MSIL2A_20260621T050649_N0512_R019_T44QMK_20260621T085550,2,T44QMK,2026-06-21,16.66
S2C_MSIL2A_20260708T054641_N0512_R048_T43SCS_20260708T085213,2,T43SCS,2026-07-08,22.65
S2C_MSIL2A_20260715T053641_N0512_R005_T43RBL_20260715T101509,2,T43RBL,2026-07-15,7.81
S2C_MSIL2A_20260715T053641_N0512_R005_T43RDK_20260715T101509,2,T43RDK,2026-07-15,15.99
S2B_MSIL2A_20260621T050649_N0512_R019_T44RPN_20260621T085159,2,T44RPN,2026-06-21,8.63
S2B_MSIL2A_20260623T040539_N0512_R047_T46PEQ_20260623T074144,2,T46PEQ,2026-06-23,9.92
S2B_MSIL2A_20260623T054639_N0512_R048_T42RYR_20260623T075208,2,T42RYR,2026-06-23,0.0
S2B_MSIL2A_20260611T050649_N0512_R019_T44QKH_20260611T085745,2,T44QKH,2026-06-11,2.05
S2B_MSIL2A_20260621T050649_N0512_R019_T44QLM_20260621T085550,2,T44QLM,2026-06-21,19.98
S2B_MSIL2A_20260601T050649_N0512_R019_T43PFN_20260601T085146,2,T43PFN,2026-06-01,24.01
S2C_MSIL2A_20260603T045701_N0512_R119_T44RPQ_20260603T100112,2,T44RPQ,2026-06-03,0.8
S2C_MSIL2A_20260603T045701_N0512_R119_T44RPS_20260603T100112,2,T44RPS,2026-06-03,22.0
S2C_MSIL2A_20260609T051651_N0512_R062_T44RKT_20260609T101613,2,T44RKT,2026-06-09,0.0
S2C_MSIL2A_20260609T051651_N0512_R062_T44RLS_20260609T101613,2,T44RLS,2026-06-09,1.63
S2A_MSIL2A_20260628T051241_N0512_R019_T43PGT_20260628T101512,2,T43PGT,2026-06-28,27.08
S2C_MSIL2A_20260718T040541_N0512_R047_T46QGE_20260718T070313,2,T46QGE,2026-07-18,22.33
S2C_MSIL2A_20260711T055631_N0512_R091_T42SXD_20260711T090217,2,T42SXD,2026-07-11,11.12
S2C_MSIL2A_20260711T055631_N0512_R091_T42SYC_20260711T090217,2,T42SYC,2026-07-11,27.3
S2B_MSIL2A_20260611T050649_N0512_R019_T44RMP_20260611T085745,2,T44RMP,2026-06-11,11.95
S2B_MSIL2A_20260611T050649_N0512_R019_T44RMQ_20260611T085745,2,T44RMQ,2026-06-11,23.83
S2B_MSIL2A_20260613T054639_N0512_R048_T42RXR_20260613T075254,2,T42RXR,2026-06-13,22.5
S2B_MSIL2A_20260618T045659_N0512_R119_T45RUK_20260618T084549,2,T45RUK,2026-06-18,4.32
S2C_MSIL2A_20260712T052651_N0512_R105_T44RKS_20260712T104114,2,T44RKS,2026-07-12,3.27
S2A_MSIL2A_20260628T051241_N0512_R019_T43PHT_20260628T101512,2,T43PHT,2026-06-28,16.49
S2C_MSIL2A_20260609T051651_N0512_R062_T43QGG_20260609T101613,2,T43QGG,2026-06-09,3.89
S2C_MSIL2A_20260605T053641_N0512_R005_T43RFP_20260605T101858,2,T43RFP,2026-06-05,24.92
S2C_MSIL2A_20260605T053641_N0512_R005_T43RFQ_20260605T101858,2,T43RFQ,2026-06-05,12.73
S2C_MSIL2A_20260606T050651_N0512_R019_T43PHT_20260606T100020,2,T43PHT,2026-06-06,13.48
S2C_MSIL2A_20260603T045701_N0512_R119_T45RUK_20260603T100112,2,T45RUK,2026-06-03,0.0
S2B_MSIL2A_20260613T054639_N0512_R048_T43SBR_20260613T075254,2,T43SBR,2026-06-13,0.26
S2B_MSIL2A_20260613T054639_N0512_R048_T43SBS_20260613T075254,2,T43SBS,2026-06-13,5.53
S2B_MSIL2A_20260613T054639_N0512_R048_T43SCR_20260613T075254,2,T43SCR,2026-06-13,8.2
S2B_MSIL2A_20260614T051649_N0512_R062_T43QEA_20260614T091016,2,T43QEA,2026-06-14,16.73
S2B_MSIL2A_20260620T053639_N0512_R005_T43QCF_20260620T091923,2,T43QCF,2026-06-20,23.4
S2B_MSIL2A_20260618T045659_N0512_R119_T44QPL_20260618T084549,2,T44QPL,2026-06-18,6.98
S2A_MSIL2A_20260605T050231_N0512_R119_T44PLS_20260605T100518,2,T44PLS,2026-06-05,7.51
S2A_MSIL2A_20260605T050231_N0512_R119_T44PMA_20260605T100518,2,T44PMA,2026-06-05,17.31
S2A_MSIL2A_20260605T050231_N0512_R119_T44PMU_20260605T100518,2,T44PMU,2026-06-05,2.68
S2B_MSIL2A_20260618T045659_N0512_R119_T44RPR_20260618T084549,2,T44RPR,2026-06-18,10.97
S2B_MSIL2A_20260618T045659_N0512_R119_T44RQN_20260618T084549,2,T44RQN,2026-06-18,19.06
S2B_MSIL2A_20260618T045659_N0512_R119_T44RQP_20260618T084549,2,T44RQP,2026-06-18,3.46
S2B_MSIL2A_20260618T045659_N0512_R119_T45QTG_20260618T084549,2,T45QTG,2026-06-18,19.91
S2B_MSIL2A_20260618T045659_N0512_R119_T45RTJ_20260618T084549,2,T45RTJ,2026-06-18,6.95
S2C_MSIL2A_20260723T045701_N0512_R119_T44PLA_20260723T095515,2,T44PLA,2026-07-23,1.89
S2C_MSIL2A_20260726T050651_N0512_R019_T44PMC_20260726T100115,2,T44PMC,2026-07-26,28.98
S2C_MSIL2A_20260728T054641_N0512_R048_T42RXS_20260728T085814,2,T42RXS,2026-07-28,2.73
S2C_MSIL2A_20260715T053641_N0512_R005_T43RDP_20260715T101509,2,T43RDP,2026-07-15,0.67
S2A_MSIL2A_20260811T050621_N0512_R076_T44NNM_20260811T105508,2,T44NNM,2026-08-11,19.01
S2A_MSIL2A_20260816T054251_N0512_R005_T43RFQ_20260816T103351,2,T43RFQ,2026-08-16,6.81
S2B_MSIL2A_20260617T052649_N0512_R105_T43RGP_20260617T104156,2,T43RGP,2026-06-17,8.17
S2A_MSIL2A_20260604T053241_N0512_R105_T43RFQ_20260604T090112,2,T43RFQ,2026-06-04,8.84
S2C_MSIL2A_20260805T050651_N0512_R019_T44PKS_20260805T101109,2,T44PKS,2026-08-05,26.57
S2C_MSIL2A_20260728T054641_N0512_R048_T42RYV_20260728T085814,2,T42RYV,2026-07-28,18.14
S2A_MSIL2A_20260702T050621_N0512_R076_T44PNQ_20260702T091402,2,T44PNQ,2026-07-02,7.32
S2A_MSIL2A_20260809T055251_N0512_R048_T42RXT_20260809T105919,2,T42RXT,2026-08-09,24.59
S2A_MSIL2A_20260810T052241_N0512_R062_T44QKG_20260810T102817,2,T44QKG,2026-08-10,20.48
S2A_MSIL2A_20260713T060301_N0512_R091_T42RVS_20260713T092308,2,T42RVS,2026-07-13,10.81
S2C_MSIL2A_20260608T054641_N0512_R048_T42QYM_20260608T085208,2,T42QYM,2026-06-08,24.1
S2C_MSIL2A_20260608T054641_N0512_R048_T42RXQ_20260608T085208,2,T42RXQ,2026-06-08,0.0
S2C_MSIL2A_20260810T041551_N0512_R090_T46RFS_20260810T071116,2,T46RFS,2026-08-10,23.28
S2A_MSIL2A_20260604T053241_N0512_R105_T43QGG_20260604T090112,2,T43QGG,2026-06-04,0.9
S2B_MSIL2A_20260614T051649_N0512_R062_T43QHA_20260614T091016,2,T43QHA,2026-06-14,25.38
S2B_MSIL2A_20260614T051649_N0512_R062_T43RGH_20260614T091016,2,T43RGH,2026-06-14,11.44
S2B_MSIL2A_20260614T051649_N0512_R062_T44QKL_20260614T091016,2,T44QKL,2026-06-14,12.72
S2B_MSIL2A_20260614T051649_N0512_R062_T44QKM_20260614T091016,2,T44QKM,2026-06-14,15.08
S2B_MSIL2A_20260614T051649_N0512_R062_T44QLK_20260614T091016,2,T44QLK,2026-06-14,6.89
S2B_MSIL2A_20260615T044659_N0512_R076_T45QTB_20260615T083228,2,T45QTB,2026-06-15,29.94
S2B_MSIL2A_20260615T044659_N0512_R076_T45QVF_20260615T083228,2,T45QVF,2026-06-15,5.96
S2B_MSIL2A_20260615T044659_N0512_R076_T45QVG_20260615T083228,2,T45QVG,2026-06-15,10.43
S2B_MSIL2A_20260615T044659_N0512_R076_T45RVK_20260615T083228,2,T45RVK,2026-06-15,27.49
S2B_MSIL2A_20260615T044659_N0512_R076_T45RWH_20260615T083228,2,T45RWH,2026-06-15,6.48
S2B_MSIL2A_20260615T050559_N0512_R076_T44NNM_20260615T082738,2,T44NNM,2026-06-15,16.95
S2B_MSIL2A_20260616T055629_N0512_R091_T42RVQ_20260616T080231,2,T42RVQ,2026-06-16,0.13
S2A_MSIL2A_20260603T060301_N0512_R091_T42RXU_20260603T092618,2,T42RXU,2026-06-03,0.09
S2C_MSIL2A_20260608T054641_N0512_R048_T43SBS_20260608T085208,2,T43SBS,2026-06-08,0.58
S2A_MSIL2A_20260714T053241_N0512_R105_T43REH_20260714T102412,2,T43REH,2026-07-14,27.03
S2A_MSIL2A_20260714T053241_N0512_R105_T44RKT_20260714T102412,2,T44RKT,2026-07-14,28.24
S2A_MSIL2A_20260822T060301_N0512_R091_T42RXR_20260822T125108,2,T42RXR,2026-08-22,4.45
S2C_MSIL2A_20260606T050651_N0512_R019_T44PLT_20260606T100020,2,T44PLT,2026-06-06,0.01
S2C_MSIL2A_20260823T042701_N0512_R133_T46SEF_20260823T075910,2,T46SEF,2026-08-23,1.27
S2C_MSIL2A_20260824T053641_N0512_R005_T43RFN_20260824T102214,2,T43RFN,2026-08-24,12.52
S2A_MSIL2A_20260601T052241_N0512_R062_T43PDR_20260601T102012,2,T43PDR,2026-06-01,24.03
S2A_MSIL2A_20260601T052241_N0512_R062_T43PFS_20260601T102012,2,T43PFS,2026-06-01,21.81
S2B_MSIL2A_20260614T051649_N0512_R062_T44RLN_20260614T091016,1,T44RLN,2026-06-14,0.54
S2B_MSIL2A_20260614T051649_N0512_R062_T44RLR_20260614T091016,1,T44RLR,2026-06-14,0.0
S2B_MSIL2A_20260614T051649_N0512_R062_T44RMT_20260614T091016,1,T44RMT,2026-06-14,18.79
S2C_MSIL2A_20260813T042701_N0512_R133_T46REQ_20260813T085811,1,T46REQ,2026-08-13,26.21
S2C_MSIL2A_20260813T060631_N0512_R134_T42RVS_20260813T092756,1,T42RVS,2026-08-13,1.13
S2C_MSIL2A_20260814T053641_N0512_R005_T43RCP_20260814T101317,1,T43RCP,2026-08-14,7.77
S2C_MSIL2A_20260810T055631_N0512_R091_T42SXB_20260810T090514,1,T42SXB,2026-08-10,25.22
S2C_MSIL2A_20260810T055631_N0512_R091_T42SXC_20260810T090514,1,T42SXC,2026-08-10,13.18
S2C_MSIL2A_20260810T055631_N0512_R091_T42SXD_20260810T090514,1,T42SXD,2026-08-10,26.63
S2C_MSIL2A_20260810T055631_N0512_R091_T42SXF_20260810T090514,1,T42SXF,2026-08-10,21.35
S2C_MSIL2A_20260810T055631_N0512_R091_T42SYB_20260810T090514,1,T42SYB,2026-08-10,13.7
S2C_MSIL2A_20260810T055631_N0512_R091_T42SYC_20260810T090514,1,T42SYC,2026-08-10,12.03
S2C_MSIL2A_20260812T045701_N0512_R119_T44RQQ_20260812T100317,1,T44RQQ,2026-08-12,27.85
S2C_MSIL2A_20260812T045701_N0512_R119_T45RTH_20260812T100317,1,T45RTH,2026-08-12,13.8
S2C_MSIL2A_20260812T045701_N0512_R119_T45RTL_20260812T100317,1,T45RTL,2026-08-12,16.11
S2C_MSIL2A_20260813T042701_N0512_R133_T46RDQ_20260813T085811,1,T46RDQ,2026-08-13,16.29
S2A_MSIL2A_20260713T060301_N0512_R091_T42RXR_20260713T092308,1,T42RXR,2026-07-13,26.21
S2C_MSIL2A_20260608T054641_N0512_R048_T43SDV_20260608T085208,1,T43SDV,2026-06-08,15.3
S2C_MSIL2A_20260606T050651_N0512_R019_T44RPR_20260606T100718,1,T44RPR,2026-06-06,29.7
S2C_MSIL2A_20260606T050651_N0512_R019_T44RQR_20260606T100718,1,T44RQR,2026-06-06,20.27
S2C_MSIL2A_20260607T043701_N0512_R033_T46RCT_20260607T094212,1,T46RCT,2026-06-07,29.6
S2C_MSIL2A_20260608T054641_N0512_R048_T42RWN_20260608T085208,1,T42RWN,2026-06-08,9.87
S2C_MSIL2A_20260608T054641_N0512_R048_T42RXR_20260608T085208,1,T42RXR,2026-06-08,0.0
S2C_MSIL2A_20260608T054641_N0512_R048_T42RYN_20260608T085208,1,T42RYN,2026-06-08,3.1
S2C_MSIL2A_20260608T054641_N0512_R048_T42RYR_20260608T085208,1,T42RYR,2026-06-08,0.0
S2C_MSIL2A_20260608T054641_N0512_R048_T42RYU_20260608T085208,1,T42RYU,2026-06-08,0.01
S2C_MSIL2A_20260608T054641_N0512_R048_T42RYV_20260608T085208,1,T42RYV,2026-06-08,0.0
S2A_MSIL2A_20260714T053241_N0512_R105_T43QCA_20260714T102412,1,T43QCA,2026-07-14,28.55
S2A_MSIL2A_20260714T053241_N0512_R105_T43RGN_20260714T102412,1,T43RGN,2026-07-14,12.29
S2A_MSIL2A_20260714T053241_N0512_R105_T43RGP_20260714T102412,1,T43RGP,2026-07-14,19.64
S2A_MSIL2A_20260720T055251_N0512_R048_T42RXT_20260720T103818,1,T42RXT,2026-07-20,7.45
S2A_MSIL2A_20260720T055251_N0512_R048_T42RYT_20260720T103818,1,T42RYT,2026-07-20,16.72
S2C_MSIL2A_20260606T050651_N0512_R019_T44QKH_20260606T100718,1,T44QKH,2026-06-06,17.36
S2A_MSIL2A_20260722T050621_N0512_R076_T44NNM_20260722T091209,1,T44NNM,2026-07-22,23.71
S2A_MSIL2A_20260727T054251_N0512_R005_T43RFN_20260727T103314,1,T43RFN,2026-07-27,16.92
S2A_MSIL2A_20260805T043231_N0512_R133_T46SFE_20260805T110109,1,T46SFE,2026-08-05,0.0
S2A_MSIL2A_20260809T055251_N0512_R048_T42RXP_20260809T105919,1,T42RXP,2026-08-09,3.51
S2A_MSIL2A_20260809T055251_N0512_R048_T43RBJ_20260809T105919,1,T43RBJ,2026-08-09,12.71
S2A_MSIL2A_20260811T045241_N0512_R076_T45RVK_20260811T100012,1,T45RVK,2026-08-11,14.62
S2A_MSIL2A_20260811T045241_N0512_R076_T45RWK_20260811T100012,1,T45RWK,2026-08-11,22.14
S2A_MSIL2A_20260713T060301_N0512_R091_T42SXB_20260713T092308,1,T42SXB,2026-07-13,5.27
S2C_MSIL2A_20260606T050651_N0512_R019_T43QHA_20260606T100718,1,T43QHA,2026-06-06,3.5
S2C_MSIL2A_20260606T050651_N0512_R019_T43QHV_20260606T100020,1,T43QHV,2026-06-06,10.19
S2A_MSIL2A_20260710T055251_N0512_R048_T43SBR_20260710T104116,1,T43SBR,2026-07-10,10.66
S2A_MSIL2A_20260710T055251_N0512_R048_T43SBU_20260710T104116,1,T43SBU,2026-07-10,22.42
S2A_MSIL2A_20260710T055251_N0512_R048_T43SCU_20260710T104116,1,T43SCU,2026-07-10,20.41
S2A_MSIL2A_20260710T055251_N0512_R048_T43SDR_20260710T104116,1,T43SDR,2026-07-10,0.27
S2A_MSIL2A_20260711T052241_N0512_R062_T44RKR_20260711T102802,1,T44RKR,2026-07-11,24.21
S2C_MSIL2A_20260604T042701_N0512_R133_T45QYF_20260604T072554,1,T45QYF,2026-06-04,23.84
S2C_MSIL2A_20260606T050651_N0512_R019_T44PKR_20260606T100020,1,T44PKR,2026-06-06,12.12
S2A_MSIL2A_20260816T054251_N0512_R005_T43RCM_20260816T103351,1,T43RCM,2026-08-16,27.88
S2A_MSIL2A_20260816T054251_N0512_R005_T43RCQ_20260816T103351,1,T43RCQ,2026-08-16,0.42
S2A_MSIL2A_20260816T054251_N0512_R005_T43RDN_20260816T103351,1,T43RDN,2026-08-16,5.37
S2A_MSIL2A_20260822T060301_N0512_R091_T42RVQ_20260822T125108,1,T42RVQ,2026-08-22,14.99
S2A_MSIL2A_20260822T060301_N0512_R091_T42RVT_20260822T125108,1,T42RVT,2026-08-22,17.76
S2C_MSIL2A_20260605T053641_N0512_R005_T43RBK_20260605T101858,1,T43RBK,2026-06-05,1.02
S2C_MSIL2A_20260609T051651_N0512_R062_T43RGH_20260609T101613,1,T43RGH,2026-06-09,4.63
S2C_MSIL2A_20260609T051651_N0512_R062_T43RGJ_20260609T101613,1,T43RGJ,2026-06-09,16.34
S2A_MSIL2A_20260628T051241_N0512_R019_T44PKV_20260628T101512,1,T44PKV,2026-06-28,11.19
S2A_MSIL2A_20260628T051241_N0512_R019_T44RPN_20260628T101512,1,T44RPN,2026-06-28,25.1
S2A_MSIL2A_20260702T045241_N0512_R076_T45RXN_20260702T095512,1,T45RXN,2026-07-02,10.13
S2C_MSIL2A_20260609T051651_N0512_R062_T43RGL_20260609T101613,1,T43RGL,2026-06-09,0.02
S2C_MSIL2A_20260609T051651_N0512_R062_T44QLK_20260609T101613,1,T44QLK,2026-06-09,20.31
S2A_MSIL2A_20260703T042221_N0512_R090_T46SGC_20260703T075010,1,T46SGC,2026-07-03,4.72
S2A_MSIL2A_20260822T060301_N0512_R091_T42SXC_20260822T125108,1,T42SXC,2026-08-22,18.46
S2A_MSIL2A_20260822T060301_N0512_R091_T42SYE_20260822T125108,1,T42SYE,2026-08-22,23.16
S2A_MSIL2A_20260822T060301_N0512_R091_T43SBS_20260822T125108,1,T43SBS,2026-08-22,14.07
S2A_MSIL2A_20260824T050231_N0512_R119_T44NLN_20260824T115710,1,T44NLN,2026-08-24,28.96
S2A_MSIL2A_20260829T055251_N0512_R048_T42RXR_20260829T121111,1,T42RXR,2026-08-29,0.0
S2A_MSIL2A_20260829T055251_N0512_R048_T43RBQ_20260829T121111,1,T43RBQ,2026-08-29,0.15
S2A_MSIL2A_20260829T055251_N0512_R048_T43SBS_20260829T105216,1,T43SBS,2026-08-29,2.16
S2C_MSIL2A_20260603T045701_N0512_R119_T44QQH_20260603T100112,1,T44QQH,2026-06-03,0.04
S2C_MSIL2A_20260603T045701_N0512_R119_T44RPR_20260603T100112,1,T44RPR,2026-06-03,6.17
S2C_MSIL2A_20260609T051651_N0512_R062_T43QHF_20260609T101613,1,T43QHF,2026-06-09,21.8
S2C_MSIL2A_20260609T051651_N0512_R062_T43QHG_20260609T101613,1,T43QHG,2026-06-09,5.23
S2C_MSIL2A_20260605T053641_N0512_R005_T43RCH_20260605T101858,1,T43RCH,2026-06-05,11.72
S2C_MSIL2A_20260606T050651_N0512_R019_T43PGS_20260606T100020,1,T43PGS,2026-06-06,23.4
S2C_MSIL2A_20260606T050651_N0512_R019_T43PHM_20260606T100020,1,T43PHM,2026-06-06,27.5
S2C_MSIL2A_20260606T050651_N0512_R019_T43PHP_20260606T100020,1,T43PHP,2026-06-06,28.73
S2C_MSIL2A_20260603T045701_N0512_R119_T45RUJ_20260603T100112,1,T45RUJ,2026-06-03,0.05
S2C_MSIL2A_20260603T045701_N0512_R119_T44RQP_20260603T100112,1,T44RQP,2026-06-03,1.95
S2B_MSIL2A_20260601T050649_N0512_R019_T43QHC_20260601T085256,1,T43QHC,2026-06-01,0.6
S2B_MSIL2A_20260601T050649_N0512_R019_T44PKU_20260601T085146,1,T44PKU,2026-06-01,21.06
S2C_MSIL2A_20260603T045701_N0512_R119_T45QTG_20260603T100112,1,T45QTG,2026-06-03,0.09
S2C_MSIL2A_20260603T045701_N0512_R119_T45RTL_20260603T100112,1,T45RTL,2026-06-03,5.81
S2C_MSIL2A_20260610T044701_N0512_R076_T45QTG_20260610T092313,1,T45QTG,2026-06-10,13.27
S2C_MSIL2A_20260610T044701_N0512_R076_T45QUB_20260610T092313,1,T45QUB,2026-06-10,21.92
S2C_MSIL2A_20260610T044701_N0512_R076_T45RTH_20260610T092313,1,T45RTH,2026-06-10,8.8
S2C_MSIL2A_20260610T044701_N0512_R076_T45RUH_20260610T092313,1,T45RUH,2026-06-10,13.99
S2C_MSIL2A_20260611T055631_N0512_R091_T42RVN_20260611T100812,1,T42RVN,2026-06-11,0.17
S2C_MSIL2A_20260611T055631_N0512_R091_T42RWR_20260611T090908,1,T42RWR,2026-06-11,0.08
S2C_MSIL2A_20260611T055631_N0512_R091_T42RWT_20260611T090908,1,T42RWT,2026-06-11,0.0
S2C_MSIL2A_20260611T055631_N0512_R091_T42RWV_20260611T090908,1,T42RWV,2026-06-11,0.23
S2C_MSIL2A_20260609T051651_N0512_R062_T44RKQ_20260609T101613,1,T44RKQ,2026-06-09,6.3
S2C_MSIL2A_20260609T051651_N0512_R062_T44RKS_20260609T101613,1,T44RKS,2026-06-09,0.7
S2A_MSIL2A_20260822T060301_N0512_R091_T42RXV_20260822T125108,1,T42RXV,2026-08-22,12.45
S2B_MSIL2A_20260603T054629_N0512_R048_T42RXQ_20260603T080213,1,T42RXQ,2026-06-03,0.0
S2B_MSIL2A_20260603T054629_N0512_R048_T42RYR_20260603T080213,1,T42RYR,2026-06-03,0.0
S2C_MSIL2A_20260603T045701_N0512_R119_T44QNE_20260603T100112,1,T44QNE,2026-06-03,19.5
S2B_MSIL2A_20260601T050649_N0512_R019_T44QMG_20260601T085256,1,T44QMG,2026-06-01,14.66
S2B_MSIL2A_20260601T050649_N0512_R019_T44RNQ_20260601T085256,1,T44RNQ,2026-06-01,20.63
S2B_MSIL2A_20260602T043659_N0512_R033_T45QVC_20260602T081357,1,T45QVC,2026-06-02,13.72
S2C_MSIL2A_20260602T052641_N0512_R105_T43RGP_20260602T102053,1,T43RGP,2026-06-02,13.77
S2C_MSIL2A_20260602T052641_N0512_R105_T44SMF_20260602T102053,1,T44SMF,2026-06-02,1.89
S2C_MSIL2A_20260611T055631_N0512_R091_T42SXB_20260611T090908,1,T42SXB,2026-06-11,0.3
S2C_MSIL2A_20260611T055631_N0512_R091_T42SYA_20260611T090908,1,T42SYA,2026-06-11,0.19
S2A_MSIL2A_20260627T054251_N0512_R005_T43RDH_20260627T103225,1,T43RDH,2026-06-27,3.72
S2A_MSIL2A_20260627T054251_N0512_R005_T43RDJ_20260627T103225,1,T43RDJ,2026-06-27,3.75
S2A_MSIL2A_20260627T054251_N0512_R005_T43SDT_20260627T085509,1,T43SDT,2026-06-27,23.71
S2C_MSIL2A_20260609T051651_N0512_R062_T44SNF_20260609T101613,1,T44SNF,2026-06-09,27.25
S2C_MSIL2A_20260610T044701_N0512_R076_T44QQF_20260610T092313,1,T44QQF,2026-06-10,15.04
S2C_MSIL2A_20260610T044701_N0512_R076_T44QRF_20260610T092313,1,T44QRF,2026-06-10,9.88
S2C_MSIL2A_20260602T052641_N0512_R105_T43RDJ_20260602T102053,1,T43RDJ,2026-06-02,0.0
S2C_MSIL2A_20260602T052641_N0512_R105_T43RFJ_20260602T102053,1,T43RFJ,2026-06-02,0.14
S2C_MSIL2A_20260602T052641_N0512_R105_T43RFK_20260602T102053,1,T43RFK,2026-06-02,2.71
S2B_MSIL2A_20260829T053639_N0512_R005_T43RDQ_20260829T091959,1,T43RDQ,2026-08-29,9.53
S2C_MSIL2A_20260601T055631_N0512_R091_T42RVR_20260601T090514,1,T42RVR,2026-06-01,0.25
S2A_MSIL2A_20260625T050241_N0512_R119_T45QTG_20260625T100609,1,T45QTG,2026-06-25,12.91
S2A_MSIL2A_20260627T054251_N0512_R005_T42QYM_20260627T103225,1,T42QYM,2026-06-27,0.77
S2A_MSIL2A_20260627T054251_N0512_R005_T42QZJ_20260627T103225,1,T42QZJ,2026-06-27,22.07
S2A_MSIL2A_20260627T054251_N0512_R005_T42QZM_20260627T103225,1,T42QZM,2026-06-27,9.85
S2B_MSIL2A_20260603T054629_N0512_R048_T42RYV_20260603T080213,1,T42RYV,2026-06-03,0.0
S2C_MSIL2A_20260603T045701_N0512_R119_T44PLR_20260603T100112,1,T44PLR,2026-06-03,13.98
S2B_MSIL2A_20260602T043659_N0512_R033_T45RXH_20260602T081357,1,T45RXH,2026-06-02,15.82
S2B_MSIL2A_20260602T043659_N0512_R033_T45RXJ_20260602T081357,1,T45RXJ,2026-06-02,18.25
S2B_MSIL2A_20260602T043659_N0512_R033_T45RYK_20260602T081357,1,T45RYK,2026-06-02,26.91
S2B_MSIL2A_20260602T043659_N0512_R033_T46RCT_20260602T081357,1,T46RCT,2026-06-02,16.88
S2B_MSIL2A_20260603T040539_N0512_R047_T46QGJ_20260603T074349,1,T46QGJ,2026-06-03,24.85
S2B_MSIL2A_20260603T054629_N0512_R048_T43SDT_20260603T080213,1,T43SDT,2026-06-03,20.97
S2B_MSIL2A_20260604T051649_N0512_R062_T43QEV_20260604T090429,1,T43QEV,2026-06-04,17.45
S2B_MSIL2A_20260604T051649_N0512_R062_T43QFC_20260604T090048,1,T43QFC,2026-06-04,5.32
S2B_MSIL2A_20260604T051649_N0512_R062_T43QHD_20260604T090048,1,T43QHD,2026-06-04,5.99
S2B_MSIL2A_20260825T055629_N0512_R091_T42SYE_20260825T080255,1,T42SYE,2026-08-25,2.77
S2B_MSIL2A_20260825T055629_N0512_R091_T43SBT_20260825T080255,1,T43SBT,2026-08-25,3.31
S2B_MSIL2A_20260826T052639_N0512_R105_T43SGT_20260826T091619,1,T43SGT,2026-08-26,16.32
S2B_MSIL2A_20260827T045659_N0512_R119_T44PLR_20260827T084453,1,T44PLR,2026-08-27,20.31
S2C_MSIL2A_20260613T045701_N0512_R119_T44QQL_20260613T095409,1,T44QQL,2026-06-13,4.39
S2C_MSIL2A_20260613T045701_N0512_R119_T44QQM_20260613T095409,1,T44QQM,2026-06-13,1.51
S2C_MSIL2A_20260613T045701_N0512_R119_T44RPN_20260613T095409,1,T44RPN,2026-06-13,25.12
S2C_MSIL2A_20260613T045701_N0512_R119_T44RPR_20260613T095409,1,T44RPR,2026-06-13,29.23
S2C_MSIL2A_20260613T045701_N0512_R119_T44RQP_20260613T095409,1,T44RQP,2026-06-13,4.55
S2C_MSIL2A_20260612T052641_N0512_R105_T43QEV_20260612T102118,1,T43QEV,2026-06-12,6.89
S2C_MSIL2A_20260612T052641_N0512_R105_T43QFD_20260612T102118,1,T43QFD,2026-06-12,13.66
S2C_MSIL2A_20260602T052641_N0512_R105_T43QEG_20260602T102053,1,T43QEG,2026-06-02,6.5
S2B_MSIL2A_20260825T055629_N0512_R091_T42RWP_20260825T080255,1,T42RWP,2026-08-25,12.85
S2B_MSIL2A_20260825T055629_N0512_R091_T42RWR_20260825T080255,1,T42RWR,2026-08-25,0.12
S2B_MSIL2A_20260825T055629_N0512_R091_T42RXQ_20260825T080255,1,T42RXQ,2026-08-25,8.73
S2B_MSIL2A_20260825T055629_N0512_R091_T42SXA_20260825T080255,1,T42SXA,2026-08-25,3.26
S2B_MSIL2A_20260825T055629_N0512_R091_T42SXB_20260825T080255,1,T42SXB,2026-08-25,5.94
S2B_MSIL2A_20260825T055629_N0512_R091_T42SYB_20260825T080255,1,T42SYB,2026-08-25,5.72
S2B_MSIL2A_20260604T051649_N0512_R062_T44RMP_20260604T090048,1,T44RMP,2026-06-04,4.67
S2C_MSIL2A_20260615T053641_N0512_R005_T43RCH_20260615T102024,1,T43RCH,2026-06-15,14.7
S2C_MSIL2A_20260615T053641_N0512_R005_T43RCJ_20260615T102024,1,T43RCJ,2026-06-15,0.59
S2C_MSIL2A_20260615T053641_N0512_R005_T43RFQ_20260615T102024,1,T43RFQ,2026-06-15,25.35
S2A_MSIL2A_20260625T050241_N0512_R119_T44PMU_20260625T100609,1,T44PMU,2026-06-25,12.35
S2B_MSIL2A_20260604T051649_N0512_R062_T43RHH_20260604T090048,1,T43RHH,2026-06-04,4.83
S2B_MSIL2A_20260604T051649_N0512_R062_T44RLS_20260604T090048,1,T44RLS,2026-06-04,2.79
S2B_MSIL2A_20260829T053639_N0512_R005_T43RDP_20260829T091959,1,T43RDP,2026-08-29,20.55
S2C_MSIL2A_20260601T055631_N0512_R091_T42SYB_20260601T090514,1,T42SYB,2026-06-01,25.86
S2C_MSIL2A_20260601T055631_N0512_R091_T43SCV_20260601T090514,1,T43SCV,2026-06-01,1.46
S2B_MSIL2A_20260819T053639_N0512_R005_T43RCL_20260819T091716,1,T43RCL,2026-08-19,10.94
S2B_MSIL2A_20260819T053639_N0512_R005_T43RCP_20260819T091716,1,T43RCP,2026-08-19,5.09
S2B_MSIL2A_20260805T055639_N0512_R091_T42RVR_20260805T080043,1,T42RVR,2026-08-05,22.1
S2B_MSIL2A_20260805T055639_N0512_R091_T42SXD_20260805T080658,1,T42SXD,2026-08-05,15.52
S2C_MSIL2A_20260616T050651_N0512_R019_T44RLN_20260616T100816,1,T44RLN,2026-06-16,0.13
S2C_MSIL2A_20260614T060631_N0512_R134_T42RVU_20260614T092953,1,T42RVU,2026-06-14,0.0
S2C_MSIL2A_20260615T053641_N0512_R005_T42QYF_20260615T102024,1,T42QYF,2026-06-15,1.68
S2C_MSIL2A_20260615T053641_N0512_R005_T42QYG_20260615T102024,1,T42QYG,2026-06-15,14.79
S2B_MSIL2A_20260605T044659_N0512_R076_T44QRH_20260605T082808,1,T44QRH,2026-06-05,7.92
S2B_MSIL2A_20260605T044659_N0512_R076_T45QTA_20260605T082808,1,T45QTA,2026-06-05,15.22
S2B_MSIL2A_20260819T053639_N0512_R005_T43RDN_20260819T091716,1,T43RDN,2026-08-19,22.47
S2B_MSIL2A_20260822T054629_N0512_R048_T42RYU_20260822T075335,1,T42RYU,2026-08-22,0.23
S2B_MSIL2A_20260811T043659_N0512_R033_T46RBR_20260811T082821,1,T46RBR,2026-08-11,17.9
S2B_MSIL2A_20260812T054639_N0512_R048_T43SCR_20260812T075252,1,T43SCR,2026-08-12,20.65
S2B_MSIL2A_20260812T054639_N0512_R048_T43SDR_20260812T075252,1,T43SDR,2026-08-12,13.3
S2B_MSIL2A_20260825T055629_N0512_R091_T42RVQ_20260825T080255,1,T42RVQ,2026-08-25,0.34
S2C_MSIL2A_20260618T054641_N0512_R048_T43RBJ_20260618T085419,1,T43RBJ,2026-06-18,12.89
S2B_MSIL2A_20260808T042659_N0512_R133_T46RDV_20260808T063748,1,T46RDV,2026-08-08,20.78
S2B_MSIL2A_20260808T060629_N0512_R134_T42SWB_20260808T081956,1,T42SWB,2026-08-08,2.11
S2B_MSIL2A_20260606T041549_N0512_R090_T47SLS_20260606T063004,1,T47SLS,2026-06-06,5.07
S2B_MSIL2A_20260606T055629_N0512_R091_T42RVN_20260606T080123,1,T42RVN,2026-06-06,0.38
S2C_MSIL2A_20260616T050651_N0512_R019_T44RNP_20260616T100816,1,T44RNP,2026-06-16,0.03
S2C_MSIL2A_20260616T050651_N0512_R019_T44RPR_20260616T100816,1,T44RPR,2026-06-16,9.25
S2C_MSIL2A_20260616T050651_N0512_R019_T44RQS_20260616T100816,1,T44RQS,2026-06-16,13.67
S2C_MSIL2A_20260615T053641_N0512_R005_T43SFR_20260615T102024,1,T43SFR,2026-06-15,28.28
S2B_MSIL2A_20260814T050559_N0512_R076_T44NNM_20260814T082724,1,T44NNM,2026-08-14,14.94
S2B_MSIL2A_20260815T055629_N0512_R091_T42RWS_20260815T080227,1,T42RWS,2026-08-15,6.45
S2B_MSIL2A_20260815T055629_N0512_R091_T42RXQ_20260815T080227,1,T42RXQ,2026-08-15,13.91
S2B_MSIL2A_20260815T055629_N0512_R091_T42RXR_20260815T080227,1,T42RXR,2026-08-15,4.03
S2B_MSIL2A_20260815T055629_N0512_R091_T42SYB_20260815T080227,1,T42SYB,2026-08-15,20.1
S2B_MSIL2A_20260818T060629_N0512_R134_T42RVS_20260818T080606,1,T42RVS,2026-08-18,0.0
S2B_MSIL2A_20260818T060629_N0512_R134_T42SVC_20260818T081340,1,T42SVC,2026-08-18,0.0
S2B_MSIL2A_20260726T041549_N0512_R090_T46SFF_20260726T063059,1,T46SFF,2026-07-26,4.3
S2B_MSIL2A_20260727T052649_N0512_R105_T43REN_20260727T091136,1,T43REN,2026-07-27,15.9
S2B_MSIL2A_20260729T060629_N0512_R134_T42SWD_20260729T102140,1,T42SWD,2026-07-29,1.51
S2B_MSIL2A_20260730T053639_N0512_R005_T43RBH_20260730T091623,1,T43RBH,2026-07-30,19.68
S2B_MSIL2A_20260802T054639_N0512_R048_T42RYT_20260802T092457,1,T42RYT,2026-08-02,29.28
S2B_MSIL2A_20260802T054639_N0512_R048_T43SDR_20260802T092457,1,T43SDR,2026-08-02,20.51
S2B_MSIL2A_20260804T044659_N0512_R076_T44QQF_20260804T082913,1,T44QQF,2026-08-04,27.8
S2B_MSIL2A_20260717T052649_N0512_R105_T44SKA_20260717T091139,1,T44SKA,2026-07-17,17.01
S2B_MSIL2A_20260717T052649_N0512_R105_T44SMF_20260717T091139,1,T44SMF,2026-07-17,11.61
S2B_MSIL2A_20260718T045659_N0512_R119_T44PKS_20260718T085636,1,T44PKS,2026-07-18,22.36
S2A_MSIL2A_20260624T053241_N0512_R105_T43QFG_20260624T102111,1,T43QFG,2026-06-24,27.89
S2A_MSIL2A_20260624T053241_N0512_R105_T43REJ_20260624T102111,1,T43REJ,2026-06-24,8.16
S2A_MSIL2A_20260624T053241_N0512_R105_T43RFJ_20260624T102111,1,T43RFJ,2026-06-24,1.78
S2A_MSIL2A_20260624T053241_N0512_R105_T43RGH_20260624T102111,1,T43RGH,2026-06-24,3.24
S2A_MSIL2A_20260624T053241_N0512_R105_T43RGJ_20260624T102111,1,T43RGJ,2026-06-24,15.97
S2C_MSIL2A_20260618T054641_N0512_R048_T42RYV_20260618T085419,1,T42RYV,2026-06-18,7.99
S2B_MSIL2A_20260725T050559_N0512_R076_T44NMM_20260725T082640,1,T44NMM,2026-07-25,20.46
S2B_MSIL2A_20260606T041549_N0512_R090_T46QCM_20260606T061316,1,T46QCM,2026-06-06,9.44
S2B_MSIL2A_20260606T041549_N0512_R090_T46QFM_20260606T063004,1,T46QFM,2026-06-06,15.37
S2B_MSIL2A_20260606T041549_N0512_R090_T46RDN_20260606T061316,1,T46RDN,2026-06-06,6.7
S2B_MSIL2A_20260714T051649_N0512_R062_T44RLT_20260714T090106,1,T44RLT,2026-07-14,27.07
S2B_MSIL2A_20260716T055639_N0512_R091_T42RVQ_20260716T075902,1,T42RVQ,2026-07-16,1.32
S2B_MSIL2A_20260716T055639_N0512_R091_T42RVS_20260716T075902,1,T42RVS,2026-07-16,0.11
S2C_MSIL2A_20260619T051651_N0512_R062_T43QEB_20260619T101809,1,T43QEB,2026-06-19,0.01
S2A_MSIL2A_20260621T052241_N0512_R062_T44RMR_20260621T101812,1,T44RMR,2026-06-21,29.23
S2A_MSIL2A_20260623T060301_N0512_R091_T42RWS_20260623T092418,1,T42RWS,2026-06-23,0.29
S2A_MSIL2A_20260623T060301_N0512_R091_T42RWT_20260623T092418,1,T42RWT,2026-06-23,0.28
S2A_MSIL2A_20260623T060301_N0512_R091_T42RXQ_20260623T092418,1,T42RXQ,2026-06-23,1.3
S2A_MSIL2A_20260623T060301_N0512_R091_T42RXU_20260623T092418,1,T42RXU,2026-06-23,0.39
S2C_MSIL2A_20260618T054641_N0512_R048_T42RYS_20260618T085419,1,T42RYS,2026-06-18,0.02
S2A_MSIL2A_20260623T060301_N0512_R091_T42SXD_20260623T092418,1,T42SXD,2026-06-23,3.95
S2A_MSIL2A_20260623T060301_N0512_R091_T42SYE_20260623T092418,1,T42SYE,2026-06-23,10.85
S2B_MSIL2A_20260716T055639_N0512_R091_T42SXB_20260716T075902,1,T42SXB,2026-07-16,19.01
S2B_MSIL2A_20260716T055639_N0512_R091_T42SYA_20260716T075902,1,T42SYA,2026-07-16,1.79
S2B_MSIL2A_20260716T055639_N0512_R091_T42SYC_20260716T080726,1,T42SYC,2026-07-16,7.33
S2B_MSIL2A_20260716T055639_N0512_R091_T43SBT_20260716T080726,1,T43SBT,2026-07-16,7.18
S2B_MSIL2A_20260713T054639_N0512_R048_T43SBS_20260713T075616,1,T43SBS,2026-07-13,5.05
S2B_MSIL2A_20260713T054639_N0512_R048_T43SCT_20260713T075616,1,T43SCT,2026-07-13,22.16
S2B_MSIL2A_20260606T055629_N0512_R091_T42RWN_20260606T080123,1,T42RWN,2026-06-06,0.46
S2C_MSIL2A_20260619T051651_N0512_R062_T43QGE_20260619T101809,1,T43QGE,2026-06-19,25.54
S2C_MSIL2A_20260619T051651_N0512_R062_T43QGG_20260619T101809,1,T43QGG,2026-06-19,24.44
S2C_MSIL2A_20260619T051651_N0512_R062_T43QHB_20260619T101809,1,T43QHB,2026-06-19,25.35
S2C_MSIL2A_20260619T051651_N0512_R062_T43QHE_20260619T101809,1,T43QHE,2026-06-19,5.66
S2C_MSIL2A_20260619T051651_N0512_R062_T44QLK_20260619T101809,1,T44QLK,2026-06-19,6.18
S2C_MSIL2A_20260619T051651_N0512_R062_T44QLL_20260619T101809,1,T44QLL,2026-06-19,13.89
S2C_MSIL2A_20260618T054641_N0512_R048_T43RBK_20260618T085419,1,T43RBK,2026-06-18,1.73
S2C_MSIL2A_20260618T054641_N0512_R048_T43SBR_20260618T085419,1,T43SBR,2026-06-18,0.9
S2B_MSIL2A_20260719T060629_N0512_R134_T42RVS_20260719T081927,1,T42RVS,2026-07-19,13.3
S2C_MSIL2A_20260622T052641_N0512_R105_T43RDK_20260622T102411,1,T43RDK,2026-06-22,9.75
S2C_MSIL2A_20260622T052641_N0512_R105_T43REJ_20260622T102411,1,T43REJ,2026-06-22,12.49
S2C_MSIL2A_20260622T052641_N0512_R105_T43REK_20260622T102411,1,T43REK,2026-06-22,1.65
S2C_MSIL2A_20260619T051651_N0512_R062_T44RMR_20260619T101809,1,T44RMR,2026-06-19,0.0
S2A_MSIL2A_20260620T055251_N0512_R048_T42QWJ_20260620T105812,1,T42QWJ,2026-06-20,14.5
S2A_MSIL2A_20260620T055251_N0512_R048_T42RYR_20260620T105812,1,T42RYR,2026-06-20,0.11
S2A_MSIL2A_20260620T055251_N0512_R048_T43SCR_20260620T105812,1,T43SCR,2026-06-20,18.64
S2A_MSIL2A_20260621T052241_N0512_R062_T43QGD_20260621T101812,1,T43QGD,2026-06-21,29.15
S2A_MSIL2A_20260621T052241_N0512_R062_T43QGE_20260621T101812,1,T43QGE,2026-06-21,25.55
S2A_MSIL2A_20260621T052241_N0512_R062_T43RGH_20260621T101812,1,T43RGH,2026-06-21,29.82
S2C_MSIL2A_20260620T044701_N0512_R076_T45QWG_20260620T095614,1,T45QWG,2026-06-20,5.53
S2B_MSIL2A_20260716T055639_N0512_R091_T42RVU_20260716T075902,1,T42RVU,2026-07-16,3.97
S2B_MSIL2A_20260716T055639_N0512_R091_T42RWR_20260716T075902,1,T42RWR,2026-07-16,0.09
S2B_MSIL2A_20260716T055639_N0512_R091_T42RWS_20260716T075902,1,T42RWS,2026-07-16,1.08
S2B_MSIL2A_20260716T055639_N0512_R091_T42RXQ_20260716T075902,1,T42RXQ,2026-07-16,5.42
S2B_MSIL2A_20260716T055639_N0512_R091_T42RXU_20260716T075902,1,T42RXU,2026-07-16,1.43
S2C_MSIL2A_20260621T055631_N0512_R091_T42RVT_20260621T085315,1,T42RVT,2026-06-21,0.21
S2B_MSIL2A_20260606T055629_N0512_R091_T42RWT_20260606T080123,1,T42RWT,2026-06-06,0.04
S2B_MSIL2A_20260606T055629_N0512_R091_T42RXT_20260606T080123,1,T42RXT,2026-06-06,0.16
S2B_MSIL2A_20260606T055629_N0512_R091_T42SXA_20260606T080123,1,T42SXA,2026-06-06,2.04
S2B_MSIL2A_20260606T055629_N0512_R091_T42SYB_20260606T080123,1,T42SYB,2026-06-06,0.82
S2B_MSIL2A_20260606T055629_N0512_R091_T42SYC_20260606T080123,1,T42SYC,2026-06-06,0.2
S2B_MSIL2A_20260714T051649_N0512_R062_T43RGK_20260714T090106,1,T43RGK,2026-07-14,0.52
S2B_MSIL2A_20260714T051649_N0512_R062_T43RGL_20260714T090106,1,T43RGL,2026-07-14,6.07
S2B_MSIL2A_20260708T045659_N0512_R119_T44PKR_20260708T084403,1,T44PKR,2026-07-08,14.92
S2C_MSIL2A_20260621T055631_N0512_R091_T42RWN_20260621T085315,1,T42RWN,2026-06-21,17.96
S2C_MSIL2A_20260621T055631_N0512_R091_T42RWR_20260621T085315,1,T42RWR,2026-06-21,0.73
S2C_MSIL2A_20260621T055631_N0512_R091_T42RWU_20260621T085315,1,T42RWU,2026-06-21,0.0
S2C_MSIL2A_20260621T055631_N0512_R091_T42RXV_20260621T085315,1,T42RXV,2026-06-21,0.25
S2C_MSIL2A_20260621T055631_N0512_R091_T42SYA_20260621T085315,1,T42SYA,2026-06-21,1.26
S2C_MSIL2A_20260621T055631_N0512_R091_T42SYC_20260621T085315,1,T42SYC,2026-06-21,4.69
S2C_MSIL2A_20260621T055631_N0512_R091_T42SYD_20260621T092656,1,T42SYD,2026-06-21,18.37
S2B_MSIL2A_20260708T045659_N0512_R119_T44PLQ_20260708T084403,1,T44PLQ,2026-07-08,6.5
S2B_MSIL2A_20260708T045659_N0512_R119_T44QPD_20260708T084403,1,T44QPD,2026-07-08,19.48
S2B_MSIL2A_20260709T060629_N0512_R134_T42RVS_20260709T081756,1,T42RVS,2026-07-09,9.54
S2B_MSIL2A_20260711T050649_N0512_R019_T44PKT_20260711T085428,1,T44PKT,2026-07-11,7.51
S2B_MSIL2A_20260713T054639_N0512_R048_T42QYL_20260713T075616,1,T42QYL,2026-07-13,23.43
S2B_MSIL2A_20260706T055629_N0512_R091_T42SYC_20260706T075948,1,T42SYC,2026-07-06,14.85
S2B_MSIL2A_20260708T045659_N0512_R119_T44NLN_20260708T084403,1,T44NLN,2026-07-08,13.59
S2C_MSIL2A_20260623T045701_N0512_R119_T44QNJ_20260623T100125,1,T44QNJ,2026-06-23,25.63
S2C_MSIL2A_20260623T045701_N0512_R119_T44RPQ_20260623T100125,1,T44RPQ,2026-06-23,0.59
S2C_MSIL2A_20260623T045701_N0512_R119_T44RQP_20260623T100125,1,T44RQP,2026-06-23,1.02
S2C_MSIL2A_20260623T045701_N0512_R119_T44RQQ_20260623T100125,1,T44RQQ,2026-06-23,1.59
S2C_MSIL2A_20260623T045701_N0512_R119_T45QTG_20260623T100125,1,T45QTG,2026-06-23,0.96
S2C_MSIL2A_20260623T045701_N0512_R119_T45RTJ_20260623T100125,1,T45RTJ,2026-06-23,9.59
S2C_MSIL2A_20260625T053641_N0512_R005_T42QYJ_20260625T101830,1,T42QYJ,2026-06-25,25.51
S2C_MSIL2A_20260621T055631_N0512_R091_T42RVP_20260621T085315,1,T42RVP,2026-06-21,0.89
S2C_MSIL2A_20260621T055631_N0512_R091_T42RVQ_20260621T085315,1,T42RVQ,2026-06-21,0.07
S2C_MSIL2A_20260625T053641_N0512_R005_T43RDN_20260625T101830,1,T43RDN,2026-06-25,0.0
S2C_MSIL2A_20260625T053641_N0512_R005_T43REN_20260625T101830,1,T43REN,2026-06-25,0.06
S2B_MSIL2A_20260607T052639_N0512_R105_T43QFD_20260607T091704,1,T43QFD,2026-06-07,12.13
S2B_MSIL2A_20260607T052639_N0512_R105_T43QFE_20260607T091704,1,T43QFE,2026-06-07,13.84
S2B_MSIL2A_20260607T052639_N0512_R105_T43QFF_20260607T091704,1,T43QFF,2026-06-07,22.47
S2B_MSIL2A_20260607T052639_N0512_R105_T43RDH_20260607T091704,1,T43RDH,2026-06-07,0.0
S2B_MSIL2A_20260607T052639_N0512_R105_T43REH_20260607T091704,1,T43REH,2026-06-07,1.57
S2B_MSIL2A_20260703T054639_N0512_R048_T43RBK_20260703T075529,1,T43RBK,2026-07-03,23.68
S2B_MSIL2A_20260703T054639_N0512_R048_T43SCS_20260703T075529,1,T43SCS,2026-07-03,24.18
S2A_MSIL2A_20260608T051241_N0512_R019_T44RPS_20260608T101613,1,T44RPS,2026-06-08,28.23
S2A_MSIL2A_20260610T041211_N0512_R047_T46QHJ_20260610T074520,1,T46QHJ,2026-06-10,15.8
S2A_MSIL2A_20260612T045231_N0512_R076_T44QRH_20260612T095610,1,T44QRH,2026-06-12,21.78
S2A_MSIL2A_20260612T045231_N0512_R076_T45QTC_20260612T095610,1,T45QTC,2026-06-12,18.38
S2A_MSIL2A_20260612T045231_N0512_R076_T45QVE_20260612T095610,1,T45QVE,2026-06-12,25.18
S2C_MSIL2A_20260622T052641_N0512_R105_T43RGH_20260622T102411,1,T43RGH,2026-06-22,27.01
S2C_MSIL2A_20260622T052641_N0512_R105_T43RGJ_20260622T102411,1,T43RGJ,2026-06-22,3.84
S2B_MSIL2A_20260609T060629_N0512_R134_T42SVB_20260609T081709,1,T42SVB,2026-06-09,0.42
S2B_MSIL2A_20260627T052639_N0512_R105_T44SMF_20260627T091125,1,T44SMF,2026-06-27,19.55
S2B_MSIL2A_20260628T045659_N0512_R119_T44PMU_20260628T084920,1,T44PMU,2026-06-28,24.25
S2B_MSIL2A_20260705T044659_N0512_R076_T45RWM_20260705T083506,1,T45RWM,2026-07-05,27.68
S2B_MSIL2A_20260705T044659_N0512_R076_T45SWU_20260705T083506,1,T45SWU,2026-07-05,10.03
S2B_MSIL2A_20260706T055629_N0512_R091_T42RWN_20260706T075948,1,T42RWN,2026-07-06,5.84
S2B_MSIL2A_20260706T055629_N0512_R091_T42RWS_20260706T075948,1,T42RWS,2026-07-06,29.98
S2B_MSIL2A_20260706T055629_N0512_R091_T42RXS_20260706T075948,1,T42RXS,2026-07-06,19.3
S2B_MSIL2A_20260706T055629_N0512_R091_T42SXD_20260706T081350,1,T42SXD,2026-07-06,4.52
S2B_MSIL2A_20260702T043659_N0512_R033_T45RYN_20260702T082247,1,T45RYN,2026-07-02,8.62
S2B_MSIL2A_20260702T043659_N0512_R033_T46RCT_20260702T082247,1,T46RCT,2026-07-02,13.04
S2B_MSIL2A_20260702T043659_N0512_R033_T46SBC_20260702T082247,1,T46SBC,2026-07-02,3.53
S2B_MSIL2A_20260702T043659_N0512_R033_T46SDC_20260702T082247,1,T46SDC,2026-07-02,1.71
S2C_MSIL2A_20260626T050651_N0512_R019_T44RPQ_20260626T100609,1,T44RPQ,2026-06-26,19.19
S2C_MSIL2A_20260628T054641_N0512_R048_T42QYJ_20260628T085710,1,T42QYJ,2026-06-28,28.2
S2C_MSIL2A_20260628T054641_N0512_R048_T42QYM_20260628T085710,1,T42QYM,2026-06-28,12.78
S2C_MSIL2A_20260705T053641_N0512_R005_T43REN_20260705T101824,1,T43REN,2026-07-05,21.11
S2C_MSIL2A_20260705T053641_N0512_R005_T43REP_20260705T101824,1,T43REP,2026-07-05,27.61
S2C_MSIL2A_20260705T053641_N0512_R005_T43RFP_20260705T101824,1,T43RFP,2026-07-05,21.06
S2C_MSIL2A_20260628T054641_N0512_R048_T42RXN_20260628T085710,1,T42RXN,2026-06-28,9.76
S2C_MSIL2A_20260628T054641_N0512_R048_T42SYA_20260628T085710,1,T42SYA,2026-06-28,0.05
S2C_MSIL2A_20260628T054641_N0512_R048_T43SDT_20260628T085710,1,T43SDT,2026-06-28,28.11
S2C_MSIL2A_20260628T054641_N0512_R048_T43SDV_20260628T085710,1,T43SDV,2026-06-28,13.42
S2C_MSIL2A_20260630T050601_N0512_R076_T44NNM_20260630T091320,1,T44NNM,2026-06-30,14.29
S2C_MSIL2A_20260626T050651_N0512_R019_T44QNK_20260626T100609,1,T44QNK,2026-06-26,24.34
S2C_MSIL2A_20260626T050651_N0512_R019_T44RLP_20260626T100609,1,T44RLP,2026-06-26,14.47
S2B_MSIL2A_20260703T040539_N0512_R047_T47RKQ_20260703T060638,1,T47RKQ,2026-07-03,29.95
S2B_MSIL2A_20260703T054639_N0512_R048_T42RYR_20260703T075529,1,T42RYR,2026-07-03,2.01
S2B_MSIL2A_20260607T052639_N0512_R105_T43RGN_20260607T091704,1,T43RGN,2026-06-07,16.32
S2B_MSIL2A_20260607T052639_N0512_R105_T44RKU_20260607T091704,1,T44RKU,2026-06-07,8.29
S2B_MSIL2A_20260608T045659_N0512_R119_T45RTK_20260608T084805,1,T45RTK,2026-06-08,18.47
S2B_MSIL2A_20260608T045659_N0512_R119_T45RUJ_20260608T084805,1,T45RUJ,2026-06-08,6.41
S2B_MSIL2A_20260626T055629_N0512_R091_T42RVQ_20260626T080048,1,T42RVQ,2026-06-26,2.69
S2B_MSIL2A_20260626T055629_N0512_R091_T42RWR_20260626T080048,1,T42RWR,2026-06-26,3.51
S2B_MSIL2A_20260628T045659_N0512_R119_T44PMV_20260628T084920,1,T44PMV,2026-06-28,15.22
S2B_MSIL2A_20260629T042659_N0512_R133_T46SFF_20260629T062831,1,T46SFF,2026-06-29,7.23
S2B_MSIL2A_20260629T060629_N0512_R134_T42SWD_20260629T081401,1,T42SWD,2026-06-29,0.07
S2B_MSIL2A_20260629T060629_N0512_R134_T42SWF_20260629T081401,1,T42SWF,2026-06-29,16.25
S2B_MSIL2A_20260630T053639_N0512_R005_T43RBJ_20260630T091701,1,T43RBJ,2026-06-30,25.3
S2B_MSIL2A_20260630T053639_N0512_R005_T43RDN_20260630T091701,1,T43RDN,2026-06-30,10.83
S2B_MSIL2A_20260630T053639_N0512_R005_T43REK_20260630T091701,1,T43REK,2026-06-30,6.65
S2B_MSIL2A_20260610T053639_N0512_R005_T43REK_20260610T091702,1,T43REK,2026-06-10,1.48
S2B_MSIL2A_20260626T055629_N0512_R091_T42RXQ_20260626T080048,1,T42RXQ,2026-06-26,0.0
S2B_MSIL2A_20260626T055629_N0512_R091_T42RXV_20260626T080048,1,T42RXV,2026-06-26,3.99
S2C_MSIL2A_20260701T055631_N0512_R091_T42SXB_20260701T090214,1,T42SXB,2026-07-01,5.73
S2C_MSIL2A_20260704T042701_N0512_R133_T46RBT_20260704T080800,1,T46RBT,2026-07-04,20.26
S2C_MSIL2A_20260704T042701_N0512_R133_T46RCV_20260704T080800,1,T46RCV,2026-07-04,1.78
S2C_MSIL2A_20260704T042701_N0512_R133_T46REQ_20260704T071504,1,T46REQ,2026-07-04,7.27
S2B_MSIL2A_20260610T053639_N0512_R005_T43RBH_20260610T091702,1,T43RBH,2026-06-10,1.38
S2B_MSIL2A_20260610T053639_N0512_R005_T43RCJ_20260610T091702,1,T43RCJ,2026-06-10,0.15
S2B_MSIL2A_20260610T053639_N0512_R005_T43RDH_20260610T091702,1,T43RDH,2026-06-10,0.31
S2B_MSIL2A_20260624T051649_N0512_R062_T44RKN_20260624T090105,1,T44RKN,2026-06-24,6.89
S2B_MSIL2A_20260624T051649_N0512_R062_T44RLN_20260624T090105,1,T44RLN,2026-06-24,5.59
S2A_MSIL2A_20260607T054251_N0512_R005_T42QYM_20260607T102857,1,T42QYM,2026-06-07,5.29
S2A_MSIL2A_20260607T054251_N0512_R005_T43RBH_20260607T102857,1,T43RBH,2026-06-07,0.03
S2A_MSIL2A_20260607T054251_N0512_R005_T43RDP_20260607T102857,1,T43RDP,2026-06-07,0.0
S2C_MSIL2A_20260701T055631_N0512_R091_T42RVQ_20260701T090214,1,T42RVQ,2026-07-01,0.73
S2C_MSIL2A_20260701T055631_N0512_R091_T42RWQ_20260701T090214,1,T42RWQ,2026-07-01,16.25
S2C_MSIL2A_20260701T055631_N0512_R091_T42RWS_20260701T090214,1,T42RWS,2026-07-01,0.82
S2B_MSIL2A_20260626T055629_N0512_R091_T42SYB_20260626T080048,1,T42SYB,2026-06-26,15.56
S2B_MSIL2A_20260627T052639_N0512_R105_T43QDG_20260627T091125,1,T43QDG,2026-06-27,7.2
S2B_MSIL2A_20260627T052639_N0512_R105_T43REN_20260627T091125,1,T43REN,2026-06-27,0.05
S2B_MSIL2A_20260627T052639_N0512_R105_T43RFJ_20260627T091125,1,T43RFJ,2026-06-27,0.6
S2B_MSIL2A_20260627T052639_N0512_R105_T44RKT_20260627T091125,1,T44RKT,2026-06-27,1.5
S2B_MSIL2A_20260625T044659_N0512_R076_T44QQG_20260625T082801,1,T44QQG,2026-06-25,24.79
S2B_MSIL2A_20260625T044659_N0512_R076_T45RVH_20260625T083525,1,T45RVH,2026-06-25,5.92
S2B_MSIL2A_20260625T050559_N0512_R076_T44NNM_20260625T082928,1,T44NNM,2026-06-25,1.71
S2B_MSIL2A_20260611T050649_N0512_R019_T44QML_20260611T085745,1,T44QML,2026-06-11,1.18
S2B_MSIL2A_20260623T054639_N0512_R048_T43RBM_20260623T075208,1,T43RBM,2026-06-23,0.16
S2B_MSIL2A_20260623T054639_N0512_R048_T43SBR_20260623T075208,1,T43SBR,2026-06-23,5.77
S2C_MSIL2A_20260708T040541_N0512_R047_T47SMS_20260708T073514,1,T47SMS,2026-07-08,12.71
S2C_MSIL2A_20260708T054641_N0512_R048_T42RYR_20260708T085213,1,T42RYR,2026-07-08,17.89
S2A_MSIL2A_20260605T050231_N0512_R119_T44RPP_20260605T100518,1,T44RPP,2026-06-05,1.06
S2A_MSIL2A_20260605T050231_N0512_R119_T44RPQ_20260605T100518,1,T44RPQ,2026-06-05,0.07
S2A_MSIL2A_20260605T050231_N0512_R119_T44RQR_20260605T100518,1,T44RQR,2026-06-05,11.52
S2A_MSIL2A_20260605T050231_N0512_R119_T45RTK_20260605T100518,1,T45RTK,2026-06-05,7.02
S2A_MSIL2A_20260605T050231_N0512_R119_T45RTL_20260605T100518,1,T45RTL,2026-06-05,5.43
S2B_MSIL2A_20260626T055629_N0512_R091_T42RWS_20260626T080048,1,T42RWS,2026-06-26,2.56
S2B_MSIL2A_20260626T055629_N0512_R091_T42RWT_20260626T080048,1,T42RWT,2026-06-26,0.0
S2B_MSIL2A_20260609T060629_N0512_R134_T42SWD_20260609T081709,1,T42SWD,2026-06-09,0.13
S2B_MSIL2A_20260611T050649_N0512_R019_T44QLM_20260611T085745,1,T44QLM,2026-06-11,1.69
S2B_MSIL2A_20260611T050649_N0512_R019_T43QHA_20260611T085745,1,T43QHA,2026-06-11,12.43
S2B_MSIL2A_20260611T050649_N0512_R019_T44QKD_20260611T085745,1,T44QKD,2026-06-11,19.09
S2B_MSIL2A_20260621T050649_N0512_R019_T44QNK_20260621T085550,1,T44QNK,2026-06-21,6.24
S2B_MSIL2A_20260621T050649_N0512_R019_T44RLN_20260621T085550,1,T44RLN,2026-06-21,25.19
S2B_MSIL2A_20260621T050649_N0512_R019_T44RNP_20260621T085159,1,T44RNP,2026-06-21,13.78
S2C_MSIL2A_20260708T054641_N0512_R048_T43SBU_20260708T085213,1,T43SBU,2026-07-08,12.63
S2C_MSIL2A_20260710T050601_N0512_R076_T44NNM_20260710T091011,1,T44NNM,2026-07-10,1.49
S2C_MSIL2A_20260710T050601_N0512_R076_T44PNQ_20260710T091011,1,T44PNQ,2026-07-10,2.27
S2C_MSIL2A_20260711T055631_N0512_R091_T42RVP_20260711T090217,1,T42RVP,2026-07-11,9.65
S2C_MSIL2A_20260711T055631_N0512_R091_T42RVS_20260711T090217,1,T42RVS,2026-07-11,1.74
S2C_MSIL2A_20260711T055631_N0512_R091_T42RWT_20260711T090217,1,T42RWT,2026-07-11,0.0
S2C_MSIL2A_20260711T055631_N0512_R091_T42RXR_20260711T090217,1,T42RXR,2026-07-11,28.32
S2C_MSIL2A_20260706T050651_N0512_R019_T44RMR_20260706T100438,1,T44RMR,2026-07-06,20.88
S2C_MSIL2A_20260707T043701_N0512_R033_T45RXN_20260707T094314,1,T45RXN,2026-07-07,8.74
S2C_MSIL2A_20260707T043701_N0512_R033_T45RYN_20260707T094314,1,T45RYN,2026-07-07,10.73
S2B_MSIL2A_20260613T054639_N0512_R048_T42RWN_20260613T075254,1,T42RWN,2026-06-13,19.11
S2B_MSIL2A_20260613T054639_N0512_R048_T42RXQ_20260613T075254,1,T42RXQ,2026-06-13,22.23
S2B_MSIL2A_20260619T060629_N0512_R134_T42SWD_20260619T081153,1,T42SWD,2026-06-19,2.49
S2B_MSIL2A_20260620T053639_N0512_R005_T42QYG_20260620T091923,1,T42QYG,2026-06-20,18.26
S2C_MSIL2A_20260712T052651_N0512_R105_T43RGL_20260712T104114,1,T43RGL,2026-07-12,0.21
S2C_MSIL2A_20260713T045701_N0512_R119_T44PLR_20260713T095014,1,T44PLR,2026-07-13,22.32
S2C_MSIL2A_20260713T045701_N0512_R119_T44PLV_20260713T095014,1,T44PLV,2026-07-13,26.31
S2C_MSIL2A_20260713T045701_N0512_R119_T44PMA_20260713T095014,1,T44PMA,2026-07-13,16.94
S2C_MSIL2A_20260714T060631_N0512_R134_T42SVF_20260714T093516,1,T42SVF,2026-07-14,0.41
S2C_MSIL2A_20260715T053641_N0512_R005_T43RDN_20260715T101509,1,T43RDN,2026-07-15,0.08
S2A_MSIL2A_20260605T050231_N0512_R119_T45RTH_20260605T100518,1,T45RTH,2026-06-05,10.01
S2C_MSIL2A_20260708T054641_N0512_R048_T42SYD_20260708T085213,1,T42SYD,2026-07-08,11.58
S2B_MSIL2A_20260623T054639_N0512_R048_T42RXR_20260623T075208,1,T42RXR,2026-06-23,0.0
S2B_MSIL2A_20260623T054639_N0512_R048_T42RYV_20260623T075208,1,T42RYV,2026-06-23,2.8
S2B_MSIL2A_20260623T054639_N0512_R048_T43RBJ_20260623T075208,1,T43RBJ,2026-06-23,5.87
S2B_MSIL2A_20260611T050649_N0512_R019_T44QLK_20260611T085745,1,T44QLK,2026-06-11,0.49
S2C_MSIL2A_20260715T053641_N0512_R005_T43REM_20260715T101509,1,T43REM,2026-07-15,2.86
S2B_MSIL2A_20260613T054639_N0512_R048_T42RYV_20260613T075254,1,T42RYV,2026-06-13,0.0
S2B_MSIL2A_20260613T054639_N0512_R048_T43RBJ_20260613T075254,1,T43RBJ,2026-06-13,25.25
S2B_MSIL2A_20260614T051649_N0512_R062_T43QEV_20260614T091016,1,T43QEV,2026-06-14,22.89
S2B_MSIL2A_20260617T052649_N0512_R105_T44RKT_20260617T104156,1,T44RKT,2026-06-17,0.72
S2B_MSIL2A_20260618T045659_N0512_R119_T44QPH_20260618T084549,1,T44QPH,2026-06-18,21.27
S2B_MSIL2A_20260618T045659_N0512_R119_T44QPM_20260618T084549,1,T44QPM,2026-06-18,22.84
S2A_MSIL2A_20260605T050231_N0512_R119_T44PLT_20260605T100518,1,T44PLT,2026-06-05,3.55
S2A_MSIL2A_20260605T050231_N0512_R119_T44PMB_20260605T100518,1,T44PMB,2026-06-05,20.69
S2A_MSIL2A_20260605T050231_N0512_R119_T44QMF_20260605T100518,1,T44QMF,2026-06-05,8.32
S2C_MSIL2A_20260715T053641_N0512_R005_T43REP_20260715T101509,1,T43REP,2026-07-15,4.93
S2C_MSIL2A_20260712T052651_N0512_R105_T43NBH_20260712T101415,1,T43NBH,2026-07-12,3.92
S2C_MSIL2A_20260712T052651_N0512_R105_T43RFL_20260712T104114,1,T43RFL,2026-07-12,0.28
S2B_MSIL2A_20260611T050649_N0512_R019_T44QNM_20260611T085745,1,T44QNM,2026-06-11,1.73
S2B_MSIL2A_20260611T050649_N0512_R019_T44RPN_20260611T085745,1,T44RPN,2026-06-11,24.17
S2B_MSIL2A_20260613T054639_N0512_R048_T42QWK_20260613T075254,1,T42QWK,2026-06-13,26.4
S2C_MSIL2A_20260718T054641_N0512_R048_T42RXT_20260718T085552,1,T42RXT,2026-07-18,3.92
S2C_MSIL2A_20260718T054641_N0512_R048_T42RYQ_20260718T085552,1,T42RYQ,2026-07-18,5.96
S2B_MSIL2A_20260618T045659_N0512_R119_T44QQH_20260618T084549,1,T44QQH,2026-06-18,25.82
S2B_MSIL2A_20260618T045659_N0512_R119_T44QQL_20260618T084549,1,T44QQL,2026-06-18,29.73
S2B_MSIL2A_20260618T045659_N0512_R119_T44RPQ_20260618T084549,1,T44RPQ,2026-06-18,2.64
S2B_MSIL2A_20260618T045659_N0512_R119_T45RTH_20260618T084549,1,T45RTH,2026-06-18,3.3
S2B_MSIL2A_20260618T045659_N0512_R119_T45RUJ_20260618T084549,1,T45RUJ,2026-06-18,11.45
S2B_MSIL2A_20260617T052649_N0512_R105_T43QFC_20260617T104156,1,T43QFC,2026-06-17,24.51
S2B_MSIL2A_20260617T052649_N0512_R105_T43QFG_20260617T104156,1,T43QFG,2026-06-17,21.95
S2C_MSIL2A_20260718T054641_N0512_R048_T42SYA_20260718T085552,1,T42SYA,2026-07-18,0.58
S2C_MSIL2A_20260718T054641_N0512_R048_T43RBL_20260718T085552,1,T43RBL,2026-07-18,4.22
S2C_MSIL2A_20260718T054641_N0512_R048_T43SBS_20260718T085552,1,T43SBS,2026-07-18,11.49
S2C_MSIL2A_20260719T051651_N0512_R062_T44SMF_20260719T101315,1,T44SMF,2026-07-19,12.62
S2C_MSIL2A_20260723T045701_N0512_R119_T44NLN_20260723T095515,1,T44NLN,2026-07-23,25.11
S2C_MSIL2A_20260723T045701_N0512_R119_T44PMA_20260723T095515,1,T44PMA,2026-07-23,26.89
S2C_MSIL2A_20260728T054641_N0512_R048_T42RXR_20260728T085814,1,T42RXR,2026-07-28,6.19
S2A_MSIL2A_20260604T053241_N0512_R105_T43RGM_20260604T090112,1,T43RGM,2026-06-04,1.07
S2A_MSIL2A_20260604T053241_N0512_R105_T43RGP_20260604T090112,1,T43RGP,2026-06-04,14.33
S2A_MSIL2A_20260605T050231_N0512_R119_T44PKR_20260605T100518,1,T44PKR,2026-06-05,8.37
S2A_MSIL2A_20260605T050231_N0512_R119_T44PKS_20260605T100518,1,T44PKS,2026-06-05,1.62
S2C_MSIL2A_20260728T054641_N0512_R048_T42RXT_20260728T085814,1,T42RXT,2026-07-28,1.1
S2C_MSIL2A_20260728T054641_N0512_R048_T42SYA_20260728T085814,1,T42SYA,2026-07-28,16.06
S2C_MSIL2A_20260728T054641_N0512_R048_T43RBQ_20260728T085814,1,T43RBQ,2026-07-28,14.37
S2C_MSIL2A_20260728T054641_N0512_R048_T43SBR_20260728T085814,1,T43SBR,2026-07-28,15.33
S2C_MSIL2A_20260728T054641_N0512_R048_T43SBT_20260728T085814,1,T43SBT,2026-07-28,14.51
S2C_MSIL2A_20260729T051651_N0512_R062_T44SMF_20260729T101458,1,T44SMF,2026-07-29,8.58
S2C_MSIL2A_20260731T055641_N0512_R091_T42RVP_20260731T084355,1,T42RVP,2026-07-31,21.0
S2C_MSIL2A_20260802T045701_N0512_R119_T44QPE_20260802T095114,1,T44QPE,2026-08-02,27.61
S2C_MSIL2A_20260803T042701_N0512_R133_T46SEF_20260803T073214,1,T46SEF,2026-08-03,12.38
S2C_MSIL2A_20260803T042701_N0512_R133_T46SFF_20260803T073214,1,T46SFF,2026-08-03,7.53
S2C_MSIL2A_20260803T042701_N0512_R133_T46SGF_20260803T073214,1,T46SGF,2026-08-03,13.12
S2C_MSIL2A_20260803T060631_N0512_R134_T42SVE_20260803T093227,1,T42SVE,2026-08-03,0.07
S2B_MSIL2A_20260614T051649_N0512_R062_T44QKH_20260614T091016,1,T44QKH,2026-06-14,18.84
S2B_MSIL2A_20260615T044659_N0512_R076_T44QRG_20260615T083228,1,T44QRG,2026-06-15,9.5
S2B_MSIL2A_20260615T044659_N0512_R076_T44RRN_20260615T083228,1,T44RRN,2026-06-15,13.1
S2B_MSIL2A_20260617T052649_N0512_R105_T43REH_20260617T104156,1,T43REH,2026-06-17,21.41
S2B_MSIL2A_20260617T052649_N0512_R105_T43REJ_20260617T104156,1,T43REJ,2026-06-17,0.85
S2B_MSIL2A_20260617T052649_N0512_R105_T43REK_20260617T104156,1,T43REK,2026-06-17,3.99
S2B_MSIL2A_20260617T052649_N0512_R105_T43REN_20260617T104156,1,T43REN,2026-06-17,0.03
S2B_MSIL2A_20260617T052649_N0512_R105_T43RFH_20260617T104156,1,T43RFH,2026-06-17,8.28
S2B_MSIL2A_20260617T052649_N0512_R105_T43RFK_20260617T104156,1,T43RFK,2026-06-17,6.07
S2B_MSIL2A_20260617T052649_N0512_R105_T43SFR_20260617T104156,1,T43SFR,2026-06-17,21.96
S2B_MSIL2A_20260617T052649_N0512_R105_T44RKS_20260617T104156,1,T44RKS,2026-06-17,0.0
S2B_MSIL2A_20260616T055629_N0512_R091_T42SYC_20260616T080231,1,T42SYC,2026-06-16,24.64
S2B_MSIL2A_20260614T051649_N0512_R062_T43QGG_20260614T091016,1,T43QGG,2026-06-14,23.46
S2A_MSIL2A_20260604T053241_N0512_R105_T43RFH_20260604T090112,1,T43RFH,2026-06-04,9.68
S2A_MSIL2A_20260604T053241_N0512_R105_T43RGJ_20260604T090112,1,T43RGJ,2026-06-04,9.74
S2A_MSIL2A_20260604T053241_N0512_R105_T43RGK_20260604T090112,1,T43RGK,2026-06-04,6.63
S2C_MSIL2A_20260807T054641_N0512_R048_T43RBL_20260807T085410,1,T43RBL,2026-08-07,18.04
S2B_MSIL2A_20260615T050559_N0512_R076_T44PNQ_20260615T082738,1,T44PNQ,2026-06-15,18.14
S2B_MSIL2A_20260616T055629_N0512_R091_T42RXT_20260616T080231,1,T42RXT,2026-06-16,18.06
S2B_MSIL2A_20260616T055629_N0512_R091_T42SXA_20260616T080231,1,T42SXA,2026-06-16,13.62
S2B_MSIL2A_20260616T055629_N0512_R091_T42SXD_20260616T080231,1,T42SXD,2026-06-16,1.34
S2C_MSIL2A_20260827T054631_N0512_R048_T43SBS_20260827T085311,1,T43SBS,2026-08-27,8.68
S2B_MSIL2A_20260614T051649_N0512_R062_T44QLM_20260614T091016,1,T44QLM,2026-06-14,0.09
S2B_MSIL2A_20260614T051649_N0512_R062_T44RKQ_20260614T091016,1,T44RKQ,2026-06-14,0.3
S2C_MSIL2A_20260807T054641_N0512_R048_T43SBR_20260807T085410,1,T43SBR,2026-08-07,3.88
S2C_MSIL2A_20260810T041551_N0512_R090_T46RDN_20260810T071116,1,T46RDN,2026-08-10,26.08
S2A_MSIL2A_20260603T060301_N0512_R091_T42RXT_20260603T092618,1,T42RXT,2026-06-03,0.12
S2A_MSIL2A_20260604T053241_N0512_R105_T43QFD_20260604T090112,1,T43QFD,2026-06-04,1.16
S2A_MSIL2A_20260604T053241_N0512_R105_T43QFG_20260604T090112,1,T43QFG,2026-06-04,4.82
S2B_MSIL2A_20260614T051649_N0512_R062_T43QHE_20260614T091016,1,T43QHE,2026-06-14,3.29
S2B_MSIL2A_20260614T051649_N0512_R062_T43RGK_20260614T091016,1,T43RGK,2026-06-14,0.2
S2B_MSIL2A_20260614T051649_N0512_R062_T43RHJ_20260614T091016,1,T43RHJ,2026-06-14,15.6
S2A_MSIL2A_20260601T052241_N0512_R062_T43QFF_20260601T102012,1,T43QFF,2026-06-01,13.57
S2A_MSIL2A_20260601T052241_N0512_R062_T43PDQ_20260601T102012,1,T43PDQ,2026-06-01,11.47
S2A_MSIL2A_20260601T052241_N0512_R062_T43PEQ_20260601T102012,1,T43PEQ,2026-06-01,21.19
S2A_MSIL2A_20260601T052241_N0512_R062_T43PET_20260601T102012,1,T43PET,2026-06-01,23.37
S2C_MSIL2A_20260820T055631_N0512_R091_T42RVP_20260820T090013,1,T42RVP,2026-08-20,6.3
S2C_MSIL2A_20260820T055631_N0512_R091_T42RVR_20260820T090013,1,T42RVR,2026-08-20,1.26
S2C_MSIL2A_20260820T055631_N0512_R091_T42RWT_20260820T090013,1,T42RWT,2026-08-20,3.97
S2C_MSIL2A_20260820T055631_N0512_R091_T42RYU_20260820T090013,1,T42RYU,2026-08-20,5.22
S2C_MSIL2A_20260820T055631_N0512_R091_T42SYE_20260820T092511,1,T42SYE,2026-08-20,28.34
S2C_MSIL2A_20260821T052641_N0512_R105_T43REL_20260821T102216,1,T43REL,2026-08-21,21.1
S2C_MSIL2A_20260827T054631_N0512_R048_T43SCS_20260827T085311,1,T43SCS,2026-08-27,4.13
S2C_MSIL2A_20260810T055631_N0512_R091_T42RWP_20260810T090514,1,T42RWP,2026-08-10,7.11
S2C_MSIL2A_20260810T055631_N0512_R091_T42RWR_20260810T090514,1,T42RWR,2026-08-10,13.31
S2B_MSIL2A_20260614T051649_N0512_R062_T44RKR_20260614T091016,1,T44RKR,2026-06-14,0.0
S2B_MSIL2A_20260614T051649_N0512_R062_T44RKS_20260614T091016,1,T44RKS,2026-06-14,0.01
S2B_MSIL2A_20260614T051649_N0512_R062_T44RKU_20260614T091016,1,T44RKU,2026-06-14,6.64
S2A_MSIL2A_20260720T055251_N0512_R048_T43RBN_20260720T103818,1,T43RBN,2026-07-20,28.87
S2C_MSIL2A_20260606T050651_N0512_R019_T44QNM_20260606T100718,1,T44QNM,2026-06-06,24.18
S2C_MSIL2A_20260606T050651_N0512_R019_T44RNP_20260606T100718,1,T44RNP,2026-06-06,21.82
S2C_MSIL2A_20260606T050651_N0512_R019_T44RPN_20260606T100718,1,T44RPN,2026-06-06,12.1
S2A_MSIL2A_20260822T060301_N0512_R091_T42RWR_20260822T125108,1,T42RWR,2026-08-22,0.11
S2C_MSIL2A_20260606T050651_N0512_R019_T44PMB_20260606T100020,1,T44PMB,2026-06-06,10.04
S2C_MSIL2A_20260823T042701_N0512_R133_T46SFE_20260823T075910,1,T46SFE,2026-08-23,3.7
S2C_MSIL2A_20260824T053641_N0512_R005_T43RFQ_20260824T102214,1,T43RFQ,2026-08-24,17.42
S2C_MSIL2A_20260824T053641_N0512_R005_T43SES_20260824T102214,1,T43SES,2026-08-24,18.56
S2C_MSIL2A_20260827T054631_N0512_R048_T42RYT_20260827T085311,1,T42RYT,2026-08-27,9.37
S2C_MSIL2A_20260827T054631_N0512_R048_T42SYC_20260827T085311,1,T42SYC,2026-08-27,2.62
S2A_MSIL2A_20260603T060301_N0512_R091_T42RWN_20260603T103212,1,T42RWN,2026-06-03,0.09
S2A_MSIL2A_20260603T060301_N0512_R091_T42QWM_20260603T103212,1,T42QWM,2026-06-03,5.68
S2A_MSIL2A_20260603T060301_N0512_R091_T42RVP_20260603T103212,1,T42RVP,2026-06-03,0.17
S2A_MSIL2A_20260601T052241_N0512_R062_T43QEB_20260601T102012,1,T43QEB,2026-06-01,0.15
S2A_MSIL2A_20260601T052241_N0512_R062_T43QEA_20260601T102012,1,T43QEA,2026-06-01,0.63
